word,score,pos_freq,neg_freq
berikan,2.1972245773362196,9,1
bksl,2.1972245773362196,9,1
digunakan,2.1972245773362196,9,1
konsistensi,2.1972245773362196,9,1
lini,2.1972245773362196,9,1
agen,2.1972245773362196,9,1
rekomen,2.1972245773362196,9,1
topang,2.1972245773362196,9,1
tabungan,2.1972245773362196,18,2
thinking,2.1972245773362196,9,1
speculative,2.1972245773362196,9,1
smcb,2.1972245773362196,9,1
pengembangan,2.1972245773362196,9,1
demand,2.1972245773362196,9,1
targetkan,2.1972245773362196,9,1
jpmorgan,2.1972245773362196,9,1
mahar,2.1972245773362196,9,1
fed,2.1972245773362196,18,2
sah,2.1972245773362196,9,1
rapat,2.1972245773362196,9,1
tangguh,2.1972245773362196,9,1
with,2.1972245773362196,9,1
dobel,2.1972245773362196,9,1
pesat,2.1972245773362196,9,1
minum,2.1972245773362196,9,1
nyata,2.1972245773362196,27,3
gjtl,2.1972245773362196,18,2
midi,2.1972245773362196,36,4
its,2.1972245773362196,9,1
jaya,2.1972245773362196,9,1
komitmen,2.1972245773362196,18,2
media,2.1972245773362196,9,1
konsolidasi,2.1972245773362196,36,4
alasannya,2.1972245773362196,9,1
unggul,2.1972245773362196,9,1
play,2.1972245773362196,9,1
tenggara,2.1972245773362196,9,1
mid,2.1972245773362196,9,1
parkir,2.1972245773362196,9,1
agresif,2.1972245773362196,9,1
ibarat,2.1972245773362196,9,1
tingkatkan,2.1972245773362196,9,1
food,2.1972245773362196,9,1
triliunan,2.1972245773362196,18,2
mengakhiri,2.1972245773362196,9,1
gass,2.1972245773362196,9,1
triwulan,2.1972245773362196,18,2
buffett,2.1972245773362196,9,1
hijau,2.1832383353614797,71,8
cleo,2.178532444324067,53,6
selalu,2.169053700369523,70,8
ekspansi,2.169053700369523,35,4
keuntungan,2.169053700369523,35,4
resistance,2.169053700369523,70,8
kija,2.159484249353372,26,3
agustus,2.1546649629174235,69,8
bumi,2.1484344131667874,120,14
melonjak,2.1400661634962708,34,4
menang,2.1400661634962708,17,2
diramal,2.1400661634962708,17,2
memberikan,2.1400661634962708,34,4
intraday,2.1400661634962708,17,2
senang,2.1400661634962708,17,2
diperkirakan,2.1400661634962708,17,2
day,2.1400661634962708,17,2
below,2.1400661634962708,17,2
peningkatan,2.1400661634962708,17,2
umum,2.1400661634962708,17,2
indikator,2.1400661634962708,17,2
buy,2.139433452307811,790,93
layak,2.1316272948504063,59,7
wskt,2.120263536200091,50,6
bmtr,2.120263536200091,25,3
astra,2.120263536200091,25,3
mumpung,2.1102132003465894,33,4
total,2.1041341542702074,82,10
ketahanan,2.0794415416798357,8,1
inds,2.0794415416798357,8,1
accumulate,2.0794415416798357,8,1
royal,2.0794415416798357,8,1
alhamdulillah,2.0794415416798357,64,8
artis,2.0794415416798357,8,1
koordinasi,2.0794415416798357,8,1
ipot,2.0794415416798357,8,1
adapun,2.0794415416798357,8,1
lanjutkan,2.0794415416798357,24,3
mncsek,2.0794415416798357,8,1
tcpi,2.0794415416798357,8,1
meluncurkan,2.0794415416798357,8,1
womf,2.0794415416798357,8,1
segar,2.0794415416798357,8,1
cnbc,2.0794415416798357,8,1
brilink,2.0794415416798357,8,1
cemerlang,2.0794415416798357,8,1
future,2.0794415416798357,8,1
agii,2.0794415416798357,8,1
konstruksi,2.0794415416798357,8,1
menargetkan,2.0794415416798357,8,1
pilih,2.0794415416798357,48,6
dmmx,2.0794415416798357,8,1
permintaan,2.0794415416798357,8,1
inti,2.0794415416798357,8,1
seorang,2.0794415416798357,8,1
goldman,2.0794415416798357,8,1
hihi,2.0794415416798357,8,1
perekonomian,2.0794415416798357,8,1
cfin,2.0794415416798357,8,1
intip,2.0794415416798357,8,1
ramadan,2.0794415416798357,24,3
ipcm,2.0794415416798357,8,1
raya,2.0794415416798357,8,1
fiber,2.0794415416798357,16,2
dibayarkan,2.0794415416798357,8,1
upside,2.0794415416798357,8,1
berkelanjutan,2.0794415416798357,16,2
far,2.0794415416798357,8,1
kpr,2.0794415416798357,8,1
diberikan,2.0794415416798357,8,1
tram,2.0794415416798357,8,1
leaders,2.0794415416798357,8,1
muatan,2.0794415416798357,16,2
halimin,2.0794415416798357,8,1
doyan,2.0794415416798357,8,1
rally,2.0794415416798357,16,2
bersinar,2.0794415416798357,8,1
ndar,2.0794415416798357,8,1
pandangan,2.0794415416798357,8,1
pendapat,2.0794415416798357,8,1
stok,2.0794415416798357,8,1
panjang,2.0794415416798357,136,17
ciamik,2.0794415416798357,8,1
agenbrilink,2.0794415416798357,8,1
beliau,2.0794415416798357,32,4
meeting,2.0794415416798357,16,2
dvla,2.0794415416798357,8,1
cumdate,2.0794415416798357,8,1
white,2.0794415416798357,8,1
mimi,2.0794415416798357,8,1
admf,2.0794415416798357,16,2
yokk,2.0794415416798357,8,1
sekadar,2.0794415416798357,8,1
dinamika,2.0794415416798357,8,1
sachs,2.0794415416798357,8,1
dssa,2.068012845856213,87,11
jsmr,2.068012845856213,174,22
plus,2.0614230361771577,55,7
aces,2.0583881324820035,94,12
tersebut,2.0583881324820035,47,6
senilai,2.05127066471314,70,9
bukti,2.0476928433652555,31,4
cuan,2.041571267624426,285,37
rupst,2.03688192726104,23,3
performa,2.03688192726104,23,3
smra,2.03688192726104,46,6
thr,2.03688192726104,23,3
pekan,2.031432322493475,61,8
pwon,2.031432322493475,61,8
bawah,2.0185001467231145,557,74
stocks,2.0149030205422647,15,2
optimisme,2.0149030205422647,15,2
bangkit,2.0149030205422647,30,4
tspc,2.0149030205422647,15,2
domestik,2.0149030205422647,15,2
akra,2.0149030205422647,60,8
kras,2.0149030205422647,15,2
kesempatan,2.0014800002101243,37,5
berhasil,1.9980959022258835,59,8
range,1.992430164690206,66,9
mirae,1.992430164690206,22,3
mapi,1.9900349539642512,139,19
koleksi,1.9810014688665833,29,4
rumah,1.9740810260220096,36,5
desember,1.9740810260220096,36,5
tbig,1.9694406464655074,43,6
bagi,1.951608170169951,176,25
menerima,1.9459101490553132,7,1
outperform,1.9459101490553132,7,1
best,1.9459101490553132,14,2
realisasi,1.9459101490553132,7,1
mendorong,1.9459101490553132,14,2
berkah,1.9459101490553132,14,2
alat,1.9459101490553132,7,1
golden,1.9459101490553132,14,2
mengikuti,1.9459101490553132,7,1
lari,1.9459101490553132,7,1
patut,1.9459101490553132,7,1
promo,1.9459101490553132,7,1
npm,1.9459101490553132,7,1
asa,1.9459101490553132,7,1
dikenal,1.9459101490553132,7,1
hadiah,1.9459101490553132,7,1
kerek,1.9459101490553132,7,1
keluarga,1.9459101490553132,7,1
phintraco,1.9459101490553132,7,1
menunjukkan,1.9459101490553132,35,5
trafik,1.9459101490553132,7,1
alokasi,1.9459101490553132,7,1
pra,1.9459101490553132,7,1
mendunia,1.9459101490553132,7,1
lbr,1.9459101490553132,7,1
reksadana,1.9459101490553132,21,3
fishing,1.9459101490553132,7,1
tapg,1.9459101490553132,7,1
mjb,1.9459101490553132,7,1
marah,1.9459101490553132,7,1
inklusi,1.9459101490553132,7,1
fee,1.9459101490553132,7,1
neutradc,1.9459101490553132,7,1
nikmat,1.9459101490553132,7,1
sejahtera,1.9459101490553132,7,1
naikkan,1.9459101490553132,14,2
olahan,1.9459101490553132,7,1
kenceng,1.9459101490553132,14,2
cup,1.9459101490553132,7,1
atm,1.9459101490553132,7,1
diakumulasi,1.9459101490553132,7,1
ipim,1.9459101490553132,7,1
beserta,1.9459101490553132,7,1
pfs,1.9459101490553132,7,1
upper,1.9459101490553132,7,1
cakep,1.9459101490553132,7,1
sabi,1.9459101490553132,7,1
selesainya,1.9459101490553132,7,1
assa,1.9459101490553132,14,2
sinergi,1.9459101490553132,7,1
rdpu,1.9459101490553132,7,1
ikutin,1.9459101490553132,7,1
lempar,1.9459101490553132,7,1
tulis,1.9459101490553132,7,1
mlpl,1.9459101490553132,7,1
apresiasi,1.9459101490553132,7,1
membludak,1.9459101490553132,7,1
telekom,1.9459101490553132,7,1
sang,1.9459101490553132,7,1
rebutan,1.9459101490553132,7,1
angpao,1.9459101490553132,7,1
hello,1.9459101490553132,7,1
terdiskon,1.9459101490553132,7,1
will,1.9459101490553132,7,1
bisaa,1.9459101490553132,7,1
skrining,1.9459101490553132,7,1
bangsa,1.9459101490553132,21,3
rokok,1.9459101490553132,14,2
prospektif,1.9459101490553132,7,1
smart,1.9459101490553132,7,1
menghadirkan,1.9459101490553132,7,1
sektornya,1.9459101490553132,7,1
beruntun,1.9459101490553132,7,1
luv,1.9459101490553132,7,1
dooh,1.9459101490553132,7,1
rejeki,1.9459101490553132,7,1
manggung,1.9459101490553132,7,1
lompat,1.9459101490553132,7,1
menawarkan,1.9459101490553132,7,1
kontan,1.9459101490553132,14,2
ngadi,1.9459101490553132,7,1
tahunnya,1.9459101490553132,7,1
ngebut,1.9459101490553132,14,2
ekosistem,1.9459101490553132,7,1
tabung,1.9459101490553132,7,1
prinsip,1.9459101490553132,7,1
menegaskan,1.9459101490553132,7,1
wsbp,1.9459101490553132,28,4
disebut,1.9459101490553132,7,1
penghasilan,1.9459101490553132,7,1
memulai,1.9459101490553132,14,2
perhitungan,1.9459101490553132,7,1
stabilitas,1.9459101490553132,7,1
tembus,1.9348603128687283,90,13
produk,1.9315214116032138,69,10
emas,1.9299098077088723,62,9
syariah,1.9252908618525775,48,7
dividend,1.9218125974762528,41,6
melanjutkan,1.9095425048844386,27,4
menarik,1.9061698204057993,148,22
didorong,1.8971199848858813,20,3
cerah,1.8971199848858813,20,3
simak,1.8971199848858813,60,9
desa,1.8971199848858813,20,3
buku,1.8870696490323797,33,5
segini,1.8827312474337816,46,7
tebal,1.8718021769015913,13,2
seiring,1.8718021769015913,13,2
apr,1.8718021769015913,13,2
wow,1.8718021769015913,26,4
akum,1.8718021769015913,39,6
bird,1.8718021769015913,13,2
pembahasan,1.8718021769015913,13,2
pastinya,1.8718021769015913,13,2
motor,1.8718021769015913,13,2
mengakumulasi,1.8718021769015913,13,2
antri,1.8718021769015913,13,2
empat,1.8718021769015913,13,2
mencapai,1.8718021769015913,52,8
kopi,1.8718021769015913,13,2
ngegas,1.8718021769015913,13,2
target,1.8698278425978738,253,39
berpotensi,1.8658674413817768,84,13
umkm,1.8658674413817768,84,13
tepat,1.8562979903656263,32,5
mayan,1.8523840910444898,51,8
amrt,1.8484548129046001,127,20
happy,1.8458266904983307,19,3
satunya,1.8458266904983307,19,3
momen,1.8458266904983307,19,3
beri,1.8458266904983307,19,3
haka,1.8458266904983307,19,3
meningkat,1.8382794848629478,44,7
pgas,1.8258924755975134,149,24
byan,1.8191584434161694,74,12
eraa,1.8123787564307907,49,8
cpin,1.8050046959780757,152,25
warisan,1.791759469228055,6,1
goodwill,1.791759469228055,6,1
raup,1.791759469228055,12,2
dsng,1.791759469228055,6,1
kebetulan,1.791759469228055,6,1
may,1.791759469228055,12,2
lapangan,1.791759469228055,6,1
efisiensi,1.791759469228055,6,1
sage,1.791759469228055,6,1
when,1.791759469228055,6,1
solo,1.791759469228055,6,1
duid,1.791759469228055,6,1
moodys,1.791759469228055,6,1
anomali,1.791759469228055,6,1
tier,1.791759469228055,6,1
investing,1.791759469228055,24,4
wong,1.791759469228055,6,1
pullback,1.791759469228055,6,1
forbes,1.791759469228055,6,1
dibaca,1.791759469228055,12,2
obligasi,1.791759469228055,24,4
yugen,1.791759469228055,6,1
ascending,1.791759469228055,6,1
mncers,1.791759469228055,6,1
dimiliki,1.791759469228055,6,1
brilian,1.791759469228055,6,1
bles,1.791759469228055,6,1
digitalisasi,1.791759469228055,12,2
strategis,1.791759469228055,18,3
cashback,1.791759469228055,6,1
perkiraan,1.791759469228055,6,1
brivolution,1.791759469228055,6,1
colek,1.791759469228055,6,1
rekomendasinya,1.791759469228055,6,1
bobo,1.791759469228055,6,1
indosurya,1.791759469228055,6,1
triangle,1.791759469228055,6,1
pnlf,1.791759469228055,12,2
tambahan,1.791759469228055,12,2
tmpo,1.791759469228055,6,1
postingan,1.791759469228055,12,2
hihihi,1.791759469228055,6,1
pengurus,1.791759469228055,6,1
impian,1.791759469228055,6,1
bogasari,1.791759469228055,6,1
asgr,1.791759469228055,6,1
dipakai,1.791759469228055,6,1
wilayah,1.791759469228055,6,1
struktur,1.791759469228055,6,1
merk,1.791759469228055,6,1
menggelar,1.791759469228055,6,1
andai,1.791759469228055,6,1
seksi,1.791759469228055,6,1
ikn,1.791759469228055,6,1
kpd,1.791759469228055,6,1
gurihnya,1.791759469228055,6,1
grade,1.791759469228055,6,1
gibran,1.791759469228055,6,1
terbuka,1.791759469228055,12,2
menggiurkan,1.791759469228055,6,1
pembalikan,1.791759469228055,6,1
kota,1.791759469228055,6,1
raja,1.791759469228055,18,3
track,1.791759469228055,6,1
sahamology,1.791759469228055,6,1
biaya,1.791759469228055,24,4
bahana,1.791759469228055,6,1
gae,1.791759469228055,6,1
juara,1.791759469228055,6,1
direstui,1.791759469228055,6,1
download,1.791759469228055,6,1
memberi,1.791759469228055,6,1
nusantara,1.791759469228055,6,1
izin,1.791759469228055,6,1
defensive,1.791759469228055,6,1
wijaya,1.791759469228055,6,1
ultra,1.791759469228055,6,1
bahagia,1.791759469228055,12,2
div,1.791759469228055,6,1
debit,1.791759469228055,6,1
lahh,1.791759469228055,6,1
buying,1.791759469228055,6,1
cowl,1.791759469228055,6,1
another,1.791759469228055,6,1
tersebar,1.791759469228055,6,1
imjs,1.791759469228055,6,1
solusi,1.791759469228055,12,2
alhamdulilah,1.791759469228055,6,1
pbrx,1.791759469228055,6,1
pencapaian,1.791759469228055,12,2
pertahankan,1.791759469228055,12,2
kdsi,1.791759469228055,6,1
brarti,1.791759469228055,6,1
deretan,1.791759469228055,6,1
nikmati,1.791759469228055,12,2
manusia,1.791759469228055,12,2
diincar,1.791759469228055,6,1
pembangunan,1.791759469228055,6,1
nasi,1.791759469228055,6,1
sos,1.791759469228055,6,1
digendong,1.791759469228055,6,1
comeback,1.791759469228055,6,1
menabung,1.791759469228055,6,1
ssms,1.791759469228055,12,2
naga,1.791759469228055,6,1
paruh,1.791759469228055,6,1
sebanyak,1.791759469228055,36,6
bandingkan,1.791759469228055,6,1
idulfitri,1.791759469228055,6,1
outlook,1.791759469228055,6,1
effect,1.791759469228055,6,1
wanita,1.791759469228055,6,1
bbkp,1.791759469228055,24,4
dipertimbangkan,1.791759469228055,6,1
penopang,1.791759469228055,24,4
msky,1.791759469228055,6,1
nganggur,1.791759469228055,6,1
advice,1.791759469228055,6,1
alam,1.791759469228055,6,1
cabang,1.791759469228055,6,1
memperluas,1.791759469228055,6,1
menghijau,1.791759469228055,18,3
perdana,1.791759469228055,6,1
arko,1.791759469228055,6,1
dibagi,1.791759469228055,6,1
admedika,1.791759469228055,6,1
commerce,1.791759469228055,6,1
royo,1.791759469228055,6,1
imbal,1.791759469228055,6,1
screener,1.791759469228055,12,2
ori,1.791759469228055,6,1
simpan,1.791759469228055,6,1
rek,1.791759469228055,6,1
neckline,1.791759469228055,6,1
dcf,1.791759469228055,6,1
fixed,1.791759469228055,6,1
inovasi,1.791759469228055,6,1
bergerak,1.791759469228055,48,8
payout,1.791759469228055,12,2
konsisten,1.791759469228055,36,6
aamiin,1.791759469228055,18,3
rapor,1.791759469228055,6,1
year,1.791759469228055,18,3
corporate,1.791759469228055,6,1
merek,1.791759469228055,12,2
tujuannya,1.791759469228055,6,1
pick,1.791759469228055,12,2
nawar,1.791759469228055,6,1
myrx,1.791759469228055,6,1
diskonan,1.791759469228055,6,1
daun,1.791759469228055,6,1
support,1.781502969060866,291,49
kasih,1.777773227253315,71,12
juta,1.76537271405486,187,32
dibeli,1.751754134614356,98,17
essa,1.749199854809259,23,4
penjualan,1.7462970951512977,86,15
berdasarkan,1.742969305058623,40,7
nabung,1.742969305058623,80,14
bangga,1.7346010553881064,17,3
lewat,1.7346010553881064,34,6
andalan,1.7346010553881064,17,3
ditopang,1.7346010553881064,17,3
fluktuatif,1.7346010553881064,17,3
strateginya,1.7346010553881064,17,3
umat,1.7346010553881064,17,3
tradingview,1.7346010553881064,17,3
saatnya,1.729239112246721,62,11
favorit,1.7227665977411035,28,5
mantap,1.717651497074333,39,7
semoga,1.717651497074333,156,28
wton,1.7047480922384253,22,4
katalis,1.7047480922384253,11,2
internasional,1.7047480922384253,11,2
pesta,1.7047480922384253,11,2
mencerminkan,1.7047480922384253,11,2
krisis,1.7047480922384253,22,4
november,1.7047480922384253,22,4
inilah,1.7047480922384253,11,2
mempertahankan,1.7047480922384253,11,2
berbagai,1.7047480922384253,11,2
devidennya,1.7047480922384253,11,2
telco,1.7047480922384253,11,2
hoki,1.7047480922384253,11,2
akbar,1.7047480922384253,11,2
indomi,1.7047480922384253,11,2
kado,1.7047480922384253,11,2
tiga,1.7047480922384253,22,4
insight,1.7047480922384253,11,2
kur,1.7047480922384253,11,2
layanan,1.7047480922384253,22,4
mencari,1.7047480922384253,11,2
longterm,1.7047480922384253,11,2
kencang,1.7047480922384253,11,2
chitato,1.7047480922384253,11,2
sepekan,1.7047480922384253,22,4
perseroan,1.7047480922384253,11,2
perkembangan,1.7047480922384253,11,2
rata,1.6945957207744073,49,9
date,1.6916760106710724,38,7
ragu,1.6863989535702288,27,5
membaik,1.6863989535702288,27,5
rate,1.6863989535702288,27,5
tumbuh,1.6776461624606338,91,17
tunjukkan,1.6739764335716716,16,3
silo,1.6739764335716716,16,3
elliott,1.6739764335716716,16,3
youtube,1.6739764335716716,16,3
bagian,1.6739764335716716,16,3
makasih,1.6739764335716716,16,3
live,1.6739764335716716,16,3
melalui,1.6739764335716716,32,6
bisnisnya,1.6739764335716716,16,3
bottom,1.6739764335716716,48,9
menurutku,1.6739764335716716,16,3
antm,1.669801062161191,239,45
pgeo,1.667706820558076,53,10
serok,1.6631420914059614,153,29
strategi,1.6625477377480486,58,11
konsumer,1.6582280766035324,42,8
perhatikan,1.6582280766035324,21,4
giliran,1.6582280766035324,21,4
anda,1.6582280766035324,21,4
dapet,1.6563214983329508,131,25
merupakan,1.6486586255873816,26,5
seneng,1.6486586255873816,26,5
hingga,1.6445292322453706,290,56
pertumbuhan,1.6422277352570913,93,18
lkh,1.6422277352570913,31,6
berikut,1.6376087894007967,36,7
excl,1.6357552207514738,154,30
lembar,1.6259672143853108,61,12
produknya,1.6094379124341003,25,5
swing,1.6094379124341003,25,5
indosat,1.6094379124341003,20,4
bfin,1.6094379124341003,10,2
heal,1.6094379124341003,10,2
lppf,1.6094379124341003,35,7
dikoleksi,1.6094379124341003,15,3
terimbas,1.6094379124341003,10,2
uptrend,1.6094379124341003,35,7
tanggal,1.6094379124341003,20,4
brand,1.6094379124341003,15,3
mantul,1.6094379124341003,25,5
memborong,1.6094379124341003,10,2
siapkan,1.6094379124341003,10,2
bonus,1.6094379124341003,15,3
pemulihan,1.6094379124341003,10,2
ratio,1.6094379124341003,20,4
ceban,1.6094379124341003,10,2
nasional,1.6094379124341003,20,4
harian,1.6094379124341003,20,4
sebut,1.6094379124341003,10,2
infrastruktur,1.6094379124341003,25,5
kos,1.6094379124341003,10,2
menjelang,1.6094379124341003,15,3
bullish,1.6094379124341003,70,14
terbukti,1.6094379124341003,15,3
bwpt,1.6094379124341003,10,2
menengah,1.6094379124341003,15,3
kemajuan,1.6094379124341003,10,2
mobil,1.6094379124341003,10,2
sangat,1.6094379124341003,65,13
source,1.6094379124341003,10,2
setuju,1.6094379124341003,20,4
cross,1.6094379124341003,10,2
cut,1.6020029339465822,134,27
luar,1.5950491749820008,69,14
siap,1.5945122622174246,133,27
murah,1.5939337258981352,128,26
produsen,1.589235205116581,49,10
terbang,1.5841201044498106,78,16
bluechip,1.5781853689299958,63,13
september,1.575536360758419,58,12
daya,1.575536360758419,29,6
dpt,1.5723966407537513,53,11
usai,1.5686159179138452,24,5
arto,1.5686159179138452,96,20
hasil,1.5686159179138452,48,10
pemegang,1.563975538357343,86,18
watchlist,1.55814461804655,19,4
mencetak,1.55814461804655,19,4
eps,1.55814461804655,19,4
disc,1.55814461804655,19,4
manis,1.55814461804655,19,4
telkom,1.5557125130779375,308,65
bisnis,1.5538680612792897,175,37
klbf,1.5533484457830569,104,22
waktunya,1.550597412411167,33,7
lumayan,1.5429928130259476,131,28
kala,1.540445040947149,14,3
ratusan,1.540445040947149,14,3
enggak,1.540445040947149,14,3
inaf,1.540445040947149,14,3
terima,1.540445040947149,28,6
kuning,1.540445040947149,14,3
yaitu,1.540445040947149,28,6
pembayaran,1.540445040947149,14,3
pulih,1.540445040947149,14,3
infrastructures,1.540445040947149,14,3
seh,1.540445040947149,14,3
min,1.5314763709643886,37,8
disini,1.5314763709643886,37,8
tetap,1.5307456438584355,171,37
terbatas,1.5260563034950492,23,5
kontribusi,1.5260563034950492,23,5
oke,1.5224265354444706,55,12
adro,1.5204904264176042,215,47
fundamentalnya,1.519825753744413,32,7
kami,1.5163474893680884,41,9
value,1.5163474893680884,41,9
perbankan,1.5105920777974677,77,17
tiap,1.5040773967762742,81,18
tertarik,1.5040773967762742,9,2
iphone,1.5040773967762742,9,2
mdln,1.5040773967762742,9,2
ringan,1.5040773967762742,9,2
srtg,1.5040773967762742,9,2
note,1.5040773967762742,9,2
menunjukan,1.5040773967762742,9,2
post,1.5040773967762742,9,2
hitungan,1.5040773967762742,9,2
taruh,1.5040773967762742,9,2
video,1.5040773967762742,9,2
gencar,1.5040773967762742,9,2
uptrendnya,1.5040773967762742,9,2
lengkapnya,1.5040773967762742,18,4
maju,1.5040773967762742,18,4
lagii,1.5040773967762742,9,2
energy,1.5040773967762742,9,2
passive,1.5040773967762742,9,2
ijoo,1.5040773967762742,9,2
terjaga,1.5040773967762742,9,2
menjaga,1.5040773967762742,9,2
yieldnya,1.5040773967762742,9,2
dominan,1.5040773967762742,9,2
anthony,1.5040773967762742,9,2
ketiga,1.5040773967762742,9,2
jasa,1.5040773967762742,9,2
mencatatkan,1.5040773967762742,54,12
pusat,1.5040773967762742,9,2
meningkatkan,1.5040773967762742,18,4
tepung,1.5040773967762742,9,2
kebutuhan,1.5040773967762742,9,2
gelombang,1.5040773967762742,9,2
mayora,1.5040773967762742,9,2
investasi,1.5004867286455454,139,31
prospek,1.493925025312256,49,11
ikut,1.491654876777717,80,18
diborong,1.488077055429833,31,7
rekening,1.4816045409242156,22,5
senyum,1.4816045409242156,22,5
kedepan,1.4816045409242156,22,5
optimis,1.4816045409242156,22,5
sisanya,1.4816045409242156,22,5
sejuta,1.4816045409242156,22,5
indomie,1.4802261809540942,290,66
biasa,1.4781019103730135,57,13
sehat,1.4759065198095778,35,8
mampu,1.4759065198095778,35,8
saran,1.4759065198095778,35,8
dapat,1.468986076965004,126,29
berencana,1.466337068793427,13,3
sia,1.466337068793427,13,3
kebeli,1.466337068793427,13,3
menurut,1.466337068793427,39,9
evaluasi,1.466337068793427,13,3
diuntungkan,1.466337068793427,13,3
maksimal,1.466337068793427,13,3
ditunggu,1.466337068793427,13,3
angka,1.466337068793427,39,9
atas,1.466337068793427,91,21
anak,1.466337068793427,104,24
risiko,1.466337068793427,26,6
indy,1.4604023332736125,56,13
dll,1.455287232606842,60,14
long,1.455287232606842,30,7
hidup,1.452252328911688,47,11
off,1.4469189829363254,17,4
cepet,1.4469189829363254,17,4
smgr,1.4469189829363254,102,24
perusahaan,1.4454832325102214,174,41
nyicil,1.4403615823901663,38,9
stop,1.4403615823901663,38,9
depan,1.4384801142904609,118,28
selengkapnya,1.4350845252893227,84,20
tren,1.4350845252893227,63,15
rawan,1.4350845252893227,21,5
kuat,1.4335472459704361,130,31
penutupan,1.4271163556401458,25,6
grup,1.425008873300581,79,19
sebesar,1.4186596456219223,157,38
alasan,1.4170660197866443,33,8
rendah,1.4170660197866443,33,8
membukukan,1.4170660197866443,33,8
suku,1.4170660197866443,33,8
langkah,1.4170660197866443,33,8
level,1.4127276181880462,115,28
triliun,1.4118276631250555,357,87
ptpp,1.4087672169719492,45,11
boleh,1.4069136483226263,49,12
trading,1.4033887944791907,118,29
sukses,1.4021258263365712,191,47
mei,1.4000876832522264,73,18
kuartal,1.3981288187668934,85,21
rebound,1.3958638121360414,105,26
mika,1.3862943611198906,32,8
deposito,1.3862943611198906,12,3
penting,1.3862943611198906,28,7
dingin,1.3862943611198906,16,4
pangan,1.3862943611198906,8,2
mikir,1.3862943611198906,24,6
wood,1.3862943611198906,8,2
dibagikan,1.3862943611198906,8,2
sril,1.3862943611198906,20,5
menkeu,1.3862943611198906,8,2
liburan,1.3862943611198906,8,2
perlawanan,1.3862943611198906,12,3
darurat,1.3862943611198906,8,2
sma,1.3862943611198906,8,2
menghasilkan,1.3862943611198906,8,2
kejutan,1.3862943611198906,8,2
diproyeksikan,1.3862943611198906,8,2
mitra,1.3862943611198906,8,2
detail,1.3862943611198906,8,2
nice,1.3862943611198906,8,2
nyoba,1.3862943611198906,8,2
resmi,1.3862943611198906,16,4
peringkat,1.3862943611198906,8,2
good,1.3862943611198906,40,10
dilakukan,1.3862943611198906,12,3
pelaku,1.3862943611198906,12,3
skenario,1.3862943611198906,8,2
modus,1.3862943611198906,8,2
keuangannya,1.3862943611198906,8,2
samuel,1.3862943611198906,8,2
menyetujui,1.3862943611198906,8,2
obat,1.3862943611198906,8,2
ketidakpastian,1.3862943611198906,16,4
ych,1.3862943611198906,8,2
melakukan,1.3862943611198906,32,8
naikk,1.3862943611198906,8,2
hbs,1.3862943611198906,8,2
kenal,1.3862943611198906,12,3
gejolak,1.3862943611198906,12,3
pani,1.3862943611198906,24,6
ayoo,1.3862943611198906,8,2
usahanya,1.3862943611198906,16,4
continuation,1.3862943611198906,8,2
pemodal,1.3862943611198906,12,3
riset,1.3862943611198906,12,3
from,1.3862943611198906,8,2
unilever,1.3862943611198906,28,7
restu,1.3862943611198906,8,2
smsm,1.3862943611198906,8,2
cdia,1.3862943611198906,16,4
keep,1.3862943611198906,16,4
mega,1.3862943611198906,12,3
halal,1.3862943611198906,8,2
sekaligus,1.3862943611198906,12,3
kesehatan,1.3862943611198906,12,3
purbaya,1.3862943611198906,8,2
smbr,1.3862943611198906,8,2
fokus,1.3862943611198906,60,15
membantu,1.3862943611198906,8,2
laper,1.3862943611198906,8,2
bps,1.3862943611198906,8,2
besar,1.3814750746839417,207,52
sektor,1.3800247481062953,159,40
stabil,1.3694872428035094,59,15
jumbo,1.3652409519220583,47,12
modal,1.3643154544011153,90,23
enak,1.3609765531356006,39,10
naik,1.3562678922874631,1017,262
makan,1.3545456628053103,93,24
lanjut,1.3523928094442093,58,15
momentum,1.349926716949016,27,7
lho,1.349926716949016,27,7
bren,1.349926716949016,108,28
maret,1.349926716949016,81,21
dividennya,1.349926716949016,27,7
bnli,1.3437347467010947,23,6
populer,1.3437347467010947,23,6
money,1.33500106673234,19,5
mapa,1.33500106673234,19,5
mulai,1.33500106673234,152,40
kinerja,1.3312345839368631,159,42
bahwa,1.329135947279942,34,9
memilih,1.3217558399823195,15,4
cek,1.3217558399823195,105,28
energi,1.3217558399823195,15,4
mantep,1.3217558399823195,15,4
loh,1.3217558399823195,30,8
dri,1.3217558399823195,15,4
sedikit,1.3217558399823195,30,8
harusnya,1.3173014896329391,56,15
besok,1.3156767939059373,123,33
indihome,1.3121863889661687,26,7
caps,1.3121863889661687,26,7
walau,1.308332819650179,37,10
beli,1.3078412983819887,1017,275
justru,1.3049487216659381,59,16
salim,1.3025244780544318,103,28
selasa,1.2992829841302609,33,9
pengumuman,1.2992829841302609,11,3
super,1.2992829841302609,11,3
kmaren,1.2992829841302609,11,3
terbaru,1.2992829841302609,22,6
dev,1.2992829841302609,11,3
chip,1.2992829841302609,33,9
resiko,1.2992829841302609,11,3
memprediksi,1.2992829841302609,11,3
kategori,1.2992829841302609,11,3
maksudnya,1.2992829841302609,11,3
pokoknya,1.2992829841302609,11,3
semuanya,1.2992829841302609,22,6
international,1.2992829841302609,11,3
milik,1.2992829841302609,22,6
lage,1.2992829841302609,11,3
lebaran,1.2992829841302609,33,9
melihat,1.292768303109067,51,14
tpia,1.292768303109067,51,14
dunia,1.2909841813155658,40,11
tengah,1.2833463918674481,83,23
tercatat,1.2809338454620642,18,5
gas,1.2809338454620642,18,5
time,1.2762934659055623,43,12
ribu,1.2762934659055623,43,12
yakin,1.2762934659055623,43,12
wave,1.2762934659055623,43,12
new,1.2729656758128876,25,7
aman,1.2712250313351035,82,23
itmg,1.269760544863939,89,25
info,1.2685113254635072,32,9
oktober,1.2636920390275583,46,13
semakin,1.2636920390275583,46,13
setelah,1.2611312181658845,120,34
indonesia,1.2600006357955984,416,118
makmur,1.2586977040151826,169,48
bawa,1.252762968495368,14,4
rdn,1.252762968495368,7,2
menilai,1.252762968495368,7,2
buah,1.252762968495368,7,2
tbla,1.252762968495368,7,2
luas,1.252762968495368,7,2
pop,1.252762968495368,7,2
wujudkan,1.252762968495368,7,2
kejar,1.252762968495368,7,2
hehehe,1.252762968495368,14,4
melewati,1.252762968495368,7,2
moga,1.252762968495368,14,4
divergence,1.252762968495368,7,2
closing,1.252762968495368,28,8
maupun,1.252762968495368,7,2
akses,1.252762968495368,7,2
inii,1.252762968495368,7,2
wege,1.252762968495368,14,4
traders,1.252762968495368,14,4
pertimbangkan,1.252762968495368,7,2
sebab,1.252762968495368,7,2
july,1.252762968495368,7,2
sahamku,1.252762968495368,7,2
radar,1.252762968495368,7,2
farmasi,1.252762968495368,7,2
utank,1.252762968495368,7,2
smdr,1.252762968495368,7,2
dekati,1.252762968495368,7,2
tetiba,1.252762968495368,7,2
make,1.252762968495368,7,2
pengusaha,1.252762968495368,7,2
stonks,1.252762968495368,7,2
naek,1.252762968495368,56,16
santuy,1.252762968495368,7,2
mengingat,1.252762968495368,7,2
milyar,1.252762968495368,7,2
enaknya,1.252762968495368,7,2
pimpin,1.252762968495368,7,2
ato,1.252762968495368,14,4
kecipratan,1.252762968495368,7,2
malem,1.252762968495368,7,2
mdka,1.252762968495368,49,14
pemimpin,1.252762968495368,7,2
gabung,1.252762968495368,7,2
sisi,1.252762968495368,14,4
intinya,1.252762968495368,7,2
thank,1.252762968495368,14,4
uji,1.252762968495368,7,2
bottoming,1.252762968495368,7,2
nama,1.252762968495368,14,4
avia,1.252762968495368,7,2
listing,1.252762968495368,7,2
heboh,1.252762968495368,7,2
incar,1.252762968495368,7,2
kisaran,1.252762968495368,14,4
opening,1.252762968495368,7,2
buktikan,1.252762968495368,7,2
for,1.252762968495368,28,8
gabungan,1.252762968495368,14,4
marubozu,1.252762968495368,7,2
dipegang,1.252762968495368,7,2
buat,1.244599657856207,427,123
emiten,1.2428618975126564,201,58
kenaikan,1.236762627148927,93,27
consumer,1.2339536365378718,79,23
tebar,1.2321436812926323,24,7
negeri,1.2321436812926323,24,7
pengen,1.2321436812926323,72,21
ggrm,1.2311014717141886,137,40
sepanjang,1.2286654169163074,41,12
ijo,1.2253639943072534,126,37
share,1.2237754316221157,17,5
diburu,1.2237754316221157,17,5
hujan,1.2237754316221157,17,5
membuat,1.2237754316221157,34,10
nyari,1.2237754316221157,17,5
reguler,1.2237754316221157,17,5
instan,1.2192402764567245,44,13
memiliki,1.2163953243244932,27,8
unvr,1.2161563471456762,523,155
scma,1.213022639845854,37,11
april,1.2104036946562264,104,31
juni,1.209837923778334,57,17
cbp,1.2081308144745997,241,72
satu,1.2074151485169087,97,29
setia,1.2039728043259361,10,3
yok,1.2039728043259361,30,9
line,1.2039728043259361,10,3
btc,1.2039728043259361,30,9
rilis,1.2039728043259361,20,6
malam,1.2039728043259361,20,6
bantu,1.2039728043259361,20,6
perkasa,1.2039728043259361,10,3
analisis,1.2039728043259361,40,12
ungkap,1.2039728043259361,10,3
yaudah,1.2039728043259361,10,3
cerdas,1.2039728043259361,10,3
kemudian,1.2039728043259361,20,6
uangnya,1.2039728043259361,10,3
gacor,1.2039728043259361,10,3
tahan,1.2039728043259361,30,9
bagus,1.1924310438857644,201,61
untr,1.1907275775759152,125,38
sekalian,1.1895840668738364,23,7
group,1.1895840668738364,23,7
duo,1.1895840668738364,23,7
pasar,1.1888591665158879,197,60
biar,1.1882244473577968,105,32
koreksi,1.1865810616140668,95,29
menjadi,1.1845547184688343,170,52
indofood,1.1826954058786512,372,114
per,1.1814999484738773,176,54
potensial,1.1786549963416462,13,4
tuku,1.1786549963416462,13,4
ilmu,1.1786549963416462,13,4
setara,1.1786549963416462,13,4
kamis,1.1786549963416462,26,8
thanks,1.1786549963416462,13,4
volume,1.1786549963416462,39,12
ayo,1.1786549963416462,39,12
gaji,1.1786549963416462,13,4
ara,1.1786549963416462,26,8
melambung,1.1786549963416462,13,4
mbak,1.1786549963416462,13,4
dalam,1.17760069998674,237,73
price,1.1741198411762548,55,17
pembelian,1.1700712526502546,29,9
nambah,1.1664348850068709,61,19
milih,1.1631508098056809,16,5
membentuk,1.1631508098056809,32,10
defensif,1.1631508098056809,16,5
macd,1.1631508098056809,16,5
data,1.1631508098056809,80,25
sinyal,1.1631508098056809,80,25
jumlah,1.1631508098056809,32,10
masyarakat,1.157452788691043,35,11
towr,1.157452788691043,35,11
pertama,1.157452788691043,70,22
demi,1.1526795099383853,19,6
valuasi,1.1526795099383853,38,12
rasanya,1.1526795099383853,19,6
dikasih,1.1526795099383853,19,6
jpfa,1.1505720275988207,79,25
semester,1.148622709242771,41,13
saat,1.1466215078544704,192,61
sebelumnya,1.1451323043030026,66,21
ssia,1.1451323043030026,22,7
bangun,1.1451323043030026,22,7
nilai,1.1451323043030026,88,28
asii,1.1437327239485793,408,130
dibuka,1.1420974006078486,47,15
punya,1.139997504830964,222,71
belanja,1.1394342831883648,50,16
tbk,1.1384581972153094,256,82
investor,1.1352877672265163,361,116
masuk,1.1345873911263875,283,91
baik,1.13370360847938,87,28
ntar,1.1314021114911006,31,10
terlihat,1.1314021114911006,31,10
update,1.128465251817791,34,11
efek,1.1271856611121658,71,23
cicil,1.1260112628562242,37,12
perdagangan,1.1249295969854831,77,25
bursa,1.1239300966523995,80,26
medc,1.122142786078304,43,14
aksi,1.1180303745252111,52,17
idr,1.1151415906193203,61,20
ambil,1.1143606456362487,64,21
tambah,1.11365016603265,67,22
inkp,1.11365016603265,67,22
bris,1.1096621248546947,91,30
transaksi,1.0986122886681098,51,17
now,1.0986122886681098,12,4
komen,1.0986122886681098,6,2
tech,1.0986122886681098,6,2
misal,1.0986122886681098,33,11
service,1.0986122886681098,6,2
kupon,1.0986122886681098,6,2
kebanting,1.0986122886681098,6,2
ifl,1.0986122886681098,6,2
rakyat,1.0986122886681098,75,25
kolom,1.0986122886681098,6,2
lakukan,1.0986122886681098,9,3
buruan,1.0986122886681098,6,2
melandai,1.0986122886681098,6,2
bdmn,1.0986122886681098,30,10
berdiri,1.0986122886681098,6,2
cantik,1.0986122886681098,6,2
gatel,1.0986122886681098,6,2
tingkat,1.0986122886681098,6,2
likuiditas,1.0986122886681098,21,7
berperan,1.0986122886681098,6,2
gais,1.0986122886681098,6,2
perusahaannya,1.0986122886681098,18,6
anaknya,1.0986122886681098,9,3
omset,1.0986122886681098,6,2
diperhatikan,1.0986122886681098,9,3
holding,1.0986122886681098,12,4
perhatian,1.0986122886681098,9,3
bibit,1.0986122886681098,6,2
dibikin,1.0986122886681098,6,2
bbyb,1.0986122886681098,9,3
geopolitik,1.0986122886681098,9,3
catatan,1.0986122886681098,6,2
besaran,1.0986122886681098,15,5
hotel,1.0986122886681098,6,2
kepikiran,1.0986122886681098,9,3
cmnp,1.0986122886681098,6,2
ajalah,1.0986122886681098,6,2
ibu,1.0986122886681098,9,3
syukur,1.0986122886681098,6,2
bloomberg,1.0986122886681098,6,2
tampak,1.0986122886681098,6,2
nanggung,1.0986122886681098,6,2
serius,1.0986122886681098,9,3
ret,1.0986122886681098,6,2
trailing,1.0986122886681098,6,2
regional,1.0986122886681098,9,3
pantas,1.0986122886681098,6,2
sing,1.0986122886681098,6,2
depannya,1.0986122886681098,9,3
souvenir,1.0986122886681098,6,2
ngikut,1.0986122886681098,6,2
ditandai,1.0986122886681098,6,2
kerjasama,1.0986122886681098,6,2
lancar,1.0986122886681098,9,3
aje,1.0986122886681098,6,2
not,1.0986122886681098,15,5
sorotan,1.0986122886681098,9,3
corner,1.0986122886681098,9,3
musim,1.0986122886681098,9,3
cicilan,1.0986122886681098,6,2
pangkas,1.0986122886681098,9,3
jutaan,1.0986122886681098,12,4
terdekat,1.0986122886681098,9,3
financial,1.0986122886681098,12,4
tipe,1.0986122886681098,6,2
atraktif,1.0986122886681098,6,2
economic,1.0986122886681098,6,2
smoga,1.0986122886681098,6,2
better,1.0986122886681098,9,3
sya,1.0986122886681098,9,3
waah,1.0986122886681098,6,2
dananya,1.0986122886681098,6,2
dpr,1.0986122886681098,9,3
pembukaan,1.0986122886681098,9,3
mainnya,1.0986122886681098,6,2
ngamuk,1.0986122886681098,9,3
bid,1.0986122886681098,12,4
power,1.0986122886681098,9,3
bro,1.0986122886681098,18,6
diminati,1.0986122886681098,6,2
mendekati,1.0986122886681098,9,3
acuan,1.0986122886681098,9,3
ide,1.0986122886681098,6,2
mtdl,1.0986122886681098,9,3
welcome,1.0986122886681098,6,2
sesuatu,1.0986122886681098,6,2
putih,1.0986122886681098,9,3
pertambangan,1.0986122886681098,6,2
diinvestasikan,1.0986122886681098,6,2
least,1.0986122886681098,6,2
home,1.0986122886681098,6,2
menanti,1.0986122886681098,6,2
tok,1.0986122886681098,6,2
tpi,1.0986122886681098,24,8
sembako,1.0986122886681098,6,2
konglo,1.0986122886681098,12,4
lmbr,1.0986122886681098,6,2
pintar,1.0986122886681098,6,2
platform,1.0986122886681098,6,2
stochastic,1.0986122886681098,12,4
selot,1.0986122886681098,6,2
standar,1.0986122886681098,6,2
sentuh,1.0986122886681098,6,2
all,1.0809127115687087,56,19
kompak,1.076139432816051,44,15
blue,1.072636802264849,38,13
menuju,1.072636802264849,38,13
loss,1.0694557043766542,169,58
masa,1.0691984034618165,67,23
rabu,1.067840630001356,32,11
tahunan,1.067840630001356,32,11
cocok,1.067840630001356,32,11
goods,1.0647107369924282,29,10
the,1.0608719606852626,78,27
mncn,1.0608719606852626,26,9
gpp,1.0560526742493137,23,8
sobat,1.0498221244986776,20,7
rencana,1.0498221244986776,40,14
hrum,1.0498221244986776,20,7
jumat,1.0473189942805592,57,20
icbp,1.0469078291521796,3769,1323
contoh,1.0459685551826878,37,13
stockbit,1.0414538748281612,17,6
bertahan,1.0414538748281612,34,12
tins,1.0414538748281612,34,12
ptba,1.0414538748281612,119,42
inco,1.0388930539664876,65,23
wah,1.0360919316867758,31,11
kepemilikan,1.0340737675305385,45,16
telah,1.0296194171811581,42,15
puluhan,1.0296194171811581,14,5
analysis,1.0296194171811581,14,5
yakni,1.0296194171811581,14,5
melaju,1.0296194171811581,14,5
usd,1.0296194171811581,28,10
arah,1.0296194171811581,28,10
disaat,1.0296194171811581,14,5
bareng,1.0296194171811581,14,5
tiket,1.0296194171811581,14,5
main,1.0266387890430204,67,24
tdk,1.0216512475319812,25,9
duitnya,1.0216512475319812,25,9
hmsp,1.017923377417967,119,43
fundamental,1.0138157520080326,113,41
capai,1.0116009116784799,22,8
trade,1.0116009116784799,22,8
tanah,1.0116009116784799,11,4
institusi,1.0116009116784799,11,4
idx,1.0116009116784799,44,16
gampang,1.0116009116784799,11,4
gain,1.0116009116784799,44,16
penyaluran,1.0116009116784799,11,4
kudu,1.0116009116784799,11,4
spesial,1.0116009116784799,11,4
beberapa,1.0086640520051702,85,31
terhadap,1.0055218656020977,41,15
pendapatan,1.0021520224805474,79,29
penuh,0.9985288301111273,19,7
seperti,0.995428052432879,138,51
zona,0.9932517730102834,27,10
btw,0.9932517730102834,27,10
berada,0.990398704027877,35,13
cutloss,0.9830994015462654,147,55
ketinggalan,0.9808292530117262,16,6
persero,0.9808292530117262,64,24
kosan,0.9808292530117262,8,3
bagusnya,0.9808292530117262,8,3
bsk,0.9808292530117262,8,3
berkembang,0.9808292530117262,8,3
sisa,0.9808292530117262,16,6
kian,0.9808292530117262,8,3
dominasi,0.9808292530117262,8,3
asia,0.9808292530117262,24,9
mcopeets,0.9808292530117262,8,3
farma,0.9808292530117262,8,3
enrg,0.9808292530117262,8,3
berdampak,0.9808292530117262,8,3
tidur,0.9808292530117262,16,6
lets,0.9808292530117262,8,3
afrika,0.9808292530117262,8,3
industri,0.9808292530117262,16,6
pelosok,0.9808292530117262,8,3
antam,0.9808292530117262,16,6
menyesal,0.9808292530117262,8,3
menembus,0.9808292530117262,8,3
minuman,0.9808292530117262,8,3
bakalan,0.9808292530117262,24,9
investasinya,0.9808292530117262,8,3
proyeksi,0.9808292530117262,16,6
adaro,0.9808292530117262,8,3
nyerok,0.9808292530117262,32,12
dsb,0.9808292530117262,8,3
asik,0.9808292530117262,8,3
berjalan,0.9808292530117262,24,9
otomotif,0.9808292530117262,8,3
kanan,0.9808292530117262,8,3
performance,0.9808292530117262,8,3
lha,0.9808292530117262,8,3
dampaknya,0.9808292530117262,8,3
beragam,0.9808292530117262,8,3
kedua,0.9808292530117262,16,6
siapa,0.9808292530117262,48,18
bara,0.9808292530117262,8,3
peduli,0.9808292530117262,8,3
gan,0.9808292530117262,8,3
masak,0.9808292530117262,8,3
seluruh,0.9808292530117262,24,9
karya,0.9808292530117262,8,3
tol,0.9808292530117262,8,3
comment,0.9808292530117262,8,3
high,0.9718605830289658,37,14
nanti,0.9718605830289658,74,28
juli,0.9707789171582248,66,25
tlkm,0.9680601033951917,2101,798
bbni,0.966760157563307,447,170
trend,0.965080896043587,21,8
pelan,0.965080896043587,21,8
pbv,0.9628107475090479,55,21
sunarso,0.9555114450274363,13,5
sideways,0.9555114450274363,13,5
prabowo,0.9555114450274363,13,5
gajian,0.9555114450274363,13,5
utk,0.9555114450274363,52,20
ribuan,0.9555114450274363,13,5
ytd,0.9555114450274363,13,5
masukin,0.9555114450274363,13,5
kini,0.9555114450274363,26,10
ingat,0.9555114450274363,13,5
diharga,0.9555114450274363,13,5
ane,0.9555114450274363,13,5
percaya,0.9509762898620452,44,17
cenderung,0.949080554697146,31,12
teknikal,0.9473813189441862,49,19
sahamnya,0.9456429438866825,121,47
risk,0.9444616088408515,18,7
klo,0.9444616088408515,90,35
habis,0.9444616088408515,36,14
menguntungkan,0.9444616088408515,18,7
hahaha,0.9409833444645266,41,16
berita,0.9409833444645266,82,32
indf,0.9402174381958914,571,223
intp,0.9400072584914712,64,25
worth,0.9382696385929302,23,9
capital,0.9343092373768334,28,11
jalan,0.9343092373768334,28,11
tunggu,0.9267620317414504,48,19
dua,0.9249487946172696,58,23
kak,0.9249487946172696,58,23
vol,0.9162907318741551,5,2
sadar,0.9162907318741551,10,4
eksekusi,0.9162907318741551,5,2
pembiayaan,0.9162907318741551,10,4
thx,0.9162907318741551,5,2
expect,0.9162907318741551,5,2
definisi,0.9162907318741551,5,2
ngitung,0.9162907318741551,5,2
kabel,0.9162907318741551,5,2
volatile,0.9162907318741551,5,2
bantuan,0.9162907318741551,5,2
jawabannya,0.9162907318741551,10,4
iklan,0.9162907318741551,5,2
just,0.9162907318741551,5,2
love,0.9162907318741551,5,2
ngeluarin,0.9162907318741551,5,2
merilis,0.9162907318741551,5,2
lebi,0.9162907318741551,5,2
meroket,0.9162907318741551,20,8
kesimpulan,0.9162907318741551,5,2
umroh,0.9162907318741551,5,2
meski,0.9162907318741551,45,18
oversold,0.9162907318741551,5,2
gada,0.9162907318741551,10,4
pendidikan,0.9162907318741551,5,2
chartnya,0.9162907318741551,5,2
moon,0.9162907318741551,10,4
disetujui,0.9162907318741551,5,2
head,0.9162907318741551,5,2
hitung,0.9162907318741551,5,2
menggunakan,0.9162907318741551,10,4
finally,0.9162907318741551,5,2
setoran,0.9162907318741551,5,2
trendnya,0.9162907318741551,5,2
minimalnya,0.9162907318741551,5,2
dana,0.9162907318741551,75,30
nyenyak,0.9162907318741551,5,2
doain,0.9162907318741551,5,2
keatas,0.9162907318741551,5,2
mendominasi,0.9162907318741551,5,2
sibuk,0.9162907318741551,5,2
tes,0.9162907318741551,5,2
diemin,0.9162907318741551,5,2
nyangka,0.9162907318741551,5,2
luncurkan,0.9162907318741551,5,2
nambahin,0.9162907318741551,5,2
dongg,0.9162907318741551,5,2
gmtd,0.9162907318741551,5,2
sektoral,0.9162907318741551,5,2
bau,0.9162907318741551,10,4
bermanfaat,0.9162907318741551,5,2
menetapkan,0.9162907318741551,5,2
masif,0.9162907318741551,5,2
gigi,0.9162907318741551,5,2
nasabah,0.9162907318741551,15,6
dayamitra,0.9162907318741551,5,2
flow,0.9162907318741551,15,6
mentah,0.9162907318741551,5,2
ayok,0.9162907318741551,5,2
sepakat,0.9162907318741551,5,2
kcuali,0.9162907318741551,5,2
vaksin,0.9162907318741551,5,2
sip,0.9162907318741551,5,2
daily,0.9162907318741551,20,8
belikan,0.9162907318741551,5,2
berlanjut,0.9162907318741551,20,8
recovery,0.9162907318741551,5,2
monggo,0.9162907318741551,5,2
macam,0.9162907318741551,10,4
dongkrak,0.9162907318741551,5,2
apps,0.9162907318741551,5,2
dipangkas,0.9162907318741551,5,2
taun,0.9162907318741551,25,10
gaa,0.9162907318741551,5,2
okt,0.9162907318741551,5,2
mbma,0.9162907318741551,5,2
lanjutan,0.9162907318741551,5,2
tanda,0.9162907318741551,35,14
sungguh,0.9162907318741551,5,2
tempat,0.9162907318741551,5,2
opsi,0.9162907318741551,5,2
nihh,0.9162907318741551,10,4
rentan,0.9162907318741551,5,2
divisi,0.9162907318741551,5,2
divestasi,0.9162907318741551,5,2
kontrak,0.9162907318741551,5,2
single,0.9162907318741551,5,2
tweet,0.9162907318741551,5,2
jaringan,0.9162907318741551,20,8
semingguan,0.9162907318741551,5,2
nikmatin,0.9162907318741551,5,2
but,0.9162907318741551,10,4
clean,0.9162907318741551,5,2
kolaborasi,0.9162907318741551,5,2
bina,0.9162907318741551,5,2
early,0.9162907318741551,5,2
king,0.9162907318741551,10,4
rotasi,0.9162907318741551,5,2
dikuasai,0.9162907318741551,5,2
real,0.9162907318741551,15,6
berapapun,0.9162907318741551,5,2
napa,0.9162907318741551,5,2
terbesarnya,0.9162907318741551,5,2
caplok,0.9162907318741551,5,2
bot,0.9162907318741551,5,2
jajaran,0.9162907318741551,5,2
menyumbang,0.9162907318741551,5,2
sosial,0.9162907318741551,5,2
barusan,0.9162907318741551,10,4
dateng,0.9162907318741551,5,2
sendiri,0.9162907318741551,45,18
know,0.9162907318741551,5,2
ultah,0.9162907318741551,5,2
cashflow,0.9162907318741551,5,2
lantai,0.9162907318741551,5,2
bisalah,0.9162907318741551,5,2
membeli,0.9162907318741551,35,14
ramah,0.9162907318741551,5,2
berbeda,0.9162907318741551,5,2
non,0.9162907318741551,15,6
prioritas,0.9162907318741551,5,2
interest,0.9162907318741551,10,4
teknikalnya,0.9162907318741551,5,2
lohh,0.9162907318741551,5,2
discl,0.9162907318741551,5,2
dewa,0.9162907318741551,5,2
terkerek,0.9162907318741551,5,2
msih,0.9162907318741551,5,2
mark,0.9162907318741551,5,2
mata,0.9162907318741551,20,8
angkat,0.9162907318741551,5,2
akhirnya,0.9093702890295813,72,29
uang,0.9019019944220555,69,28
tahu,0.9007865453381899,32,13
mudah,0.8979415932059586,27,11
msci,0.8979415932059586,27,11
maka,0.8979415932059586,27,11
sebagai,0.8953840470548413,71,29
entitas,0.8938178760220965,22,9
bei,0.8938178760220965,22,9
tergantung,0.8873031950009027,17,7
bunga,0.8873031950009027,51,21
signifikan,0.8873031950009027,17,7
portfolio,0.8873031950009027,17,7
keuangan,0.8873031950009027,85,35
periode,0.8873031950009027,51,21
langsung,0.8823891801984737,87,36
daftar,0.8823891801984737,29,12
lgi,0.8754687373538999,12,5
posisi,0.8754687373538999,48,20
weekly,0.8754687373538999,12,5
entah,0.8754687373538999,12,5
dirut,0.8754687373538999,12,5
wajib,0.8754687373538999,12,5
tertahan,0.8754687373538999,12,5
nek,0.8754687373538999,12,5
sepertinya,0.8754687373538999,24,10
bentuk,0.8754687373538999,12,5
lima,0.8754687373538999,12,5
cukup,0.8690378470236095,62,26
komoditas,0.8649974374866045,19,8
segera,0.8649974374866045,19,8
sebulan,0.8649974374866045,19,8
senin,0.8614824953791601,71,30
suka,0.8602012652231116,52,22
minimal,0.8602012652231116,26,11
digit,0.8574502318512216,33,14
kredit,0.8534898306351247,54,23
tinggal,0.8472978603872037,49,21
premium,0.8472978603872037,7,3
mendatang,0.8472978603872037,7,3
proses,0.8472978603872037,7,3
ribet,0.8472978603872037,7,3
ngapain,0.8472978603872037,14,6
jadwal,0.8472978603872037,14,6
varian,0.8472978603872037,7,3
analisanya,0.8472978603872037,7,3
profitnya,0.8472978603872037,7,3
berkontribusi,0.8472978603872037,7,3
kualitas,0.8472978603872037,7,3
first,0.8472978603872037,7,3
ngasih,0.8472978603872037,14,6
kaleng,0.8472978603872037,7,3
duluan,0.8472978603872037,14,6
saling,0.8472978603872037,7,3
daerah,0.8472978603872037,7,3
demen,0.8472978603872037,7,3
pensiun,0.8472978603872037,14,6
frame,0.8472978603872037,7,3
bersama,0.8472978603872037,21,9
join,0.8472978603872037,7,3
smua,0.8472978603872037,14,6
woww,0.8472978603872037,7,3
cari,0.8472978603872037,28,12
bca,0.8472978603872037,35,15
dinilai,0.8472978603872037,7,3
bayar,0.8472978603872037,21,9
ohh,0.8472978603872037,7,3
dilihat,0.8472978603872037,14,6
dipantau,0.8472978603872037,7,3
menikmati,0.8472978603872037,7,3
strong,0.8472978603872037,14,6
tertinggi,0.8472978603872037,35,15
salah,0.8472978603872037,84,36
exdate,0.8472978603872037,7,3
informasi,0.8472978603872037,7,3
teman,0.8472978603872037,7,3
channel,0.8472978603872037,14,6
tuesday,0.8472978603872037,7,3
minyak,0.8472978603872037,7,3
efektif,0.8472978603872037,7,3
siklus,0.8472978603872037,7,3
link,0.8472978603872037,7,3
aisa,0.8472978603872037,7,3
imo,0.8472978603872037,7,3
valuasinya,0.8472978603872037,7,3
bull,0.8472978603872037,7,3
ramalan,0.8472978603872037,7,3
film,0.8472978603872037,7,3
investment,0.8472978603872037,14,6
bukan,0.8445468270153138,121,52
mie,0.84078317936601,51,22
coba,0.8347976976229722,53,23
baku,0.8329091229351039,23,10
full,0.8329091229351039,23,10
bbtn,0.831733343846092,85,37
chart,0.8303483020734302,39,17
akhir,0.829722715565696,94,41
lainnya,0.8266785731844679,32,14
mandiri,0.8266785731844679,32,14
emtk,0.8266785731844679,32,14
titik,0.8266785731844679,16,7
today,0.8266785731844679,16,7
tinggi,0.8237673629770095,98,43
indeks,0.8217645583820389,116,51
pola,0.8209805520698303,25,11
porsi,0.8209805520698303,25,11
ekonomi,0.819027426448948,93,41
cuman,0.8183103235139513,34,15
aset,0.8183103235139513,34,15
selama,0.8167611365271219,86,38
operasional,0.8109302162163288,18,8
sales,0.8109302162163288,9,4
sore,0.8109302162163288,18,8
poin,0.8109302162163288,27,12
dipicu,0.8109302162163288,9,4
euy,0.8109302162163288,9,4
isat,0.8109302162163288,72,32
handle,0.8109302162163288,9,4
sejumlah,0.8109302162163288,9,4
histogram,0.8109302162163288,9,4
lengkap,0.8109302162163288,9,4
iseng,0.8109302162163288,9,4
konglomerat,0.8109302162163288,9,4
diem,0.8109302162163288,9,4
corona,0.8109302162163288,9,4
kas,0.8109302162163288,9,4
berisiko,0.8109302162163288,9,4
tim,0.8109302162163288,18,8
jga,0.8109302162163288,9,4
sistem,0.8109302162163288,9,4
trump,0.8109302162163288,18,8
week,0.8109302162163288,9,4
lawan,0.8109302162163288,9,4
nanjak,0.8109302162163288,9,4
wiim,0.8109302162163288,9,4
resist,0.8109302162163288,9,4
selain,0.8023464725249373,29,13
februari,0.8023464725249373,29,13
tgl,0.8007778447523106,49,22
gapapa,0.7985076962177716,20,9
brpt,0.7963314167951762,51,23
semangat,0.7949298748698876,31,14
kaya,0.7949298748698876,62,28
plan,0.7884573603642703,11,5
korporasi,0.7884573603642703,11,5
sbg,0.7884573603642703,11,5
neh,0.7884573603642703,22,10
ath,0.7884573603642703,22,10
apapun,0.7884573603642703,11,5
selanjutnya,0.7884573603642703,11,5
jakarta,0.7884573603642703,33,15
nder,0.7884573603642703,22,10
namanya,0.7884573603642703,11,5
bakal,0.7831733322176649,151,69
mengalami,0.780158557549575,24,11
sini,0.780158557549575,48,22
karna,0.7777045685880083,37,17
abis,0.7765287894989963,50,23
kali,0.7750643030278321,89,41
catat,0.7731898882334817,13,6
goreng,0.7731898882334817,13,6
himbara,0.7731898882334817,26,12
aplikasi,0.7731898882334817,13,6
belajar,0.7731898882334817,39,18
berani,0.7672551527136672,28,13
selamat,0.7672551527136672,28,13
giaa,0.7621400520468967,15,7
sumber,0.7621400520468967,15,7
untungnya,0.7621400520468967,15,7
lihat,0.7598385550586174,62,29
sblmnya,0.7537718023763802,17,8
terakhir,0.7537718023763802,68,32
kerja,0.750305594399894,36,17
memang,0.7492366472109889,55,26
menunggu,0.7472144018302211,19,9
jelang,0.7472144018302211,19,9
inflasi,0.7472144018302211,19,9
mari,0.7472144018302211,19,9
cara,0.7419373447293773,21,10
you,0.7419373447293773,21,10
analisa,0.7375989431307791,46,22
mencatat,0.7375989431307791,23,11
persen,0.7366322924996842,94,45
tarik,0.7339691750802005,25,12
lebih,0.7336683779655847,277,133
lupa,0.7308875085427924,27,13
bbrp,0.7308875085427924,27,13
guys,0.7308875085427924,27,13
barang,0.7282385003712155,29,14
indo,0.723918839226699,33,16
kembali,0.723918839226699,99,48
hold,0.7221347174331975,105,51
allah,0.7221347174331975,35,17
perlu,0.719122666963206,39,19
pasti,0.719122666963206,78,38
pake,0.7065702008920861,75,37
contohnya,0.6931471805599453,6,3
aka,0.6931471805599453,6,3
ngeliat,0.6931471805599453,14,7
instant,0.6931471805599453,6,3
laporan,0.6931471805599453,44,22
nge,0.6931471805599453,8,4
tajam,0.6931471805599453,20,10
berikutnya,0.6931471805599453,6,3
badai,0.6931471805599453,8,4
volatil,0.6931471805599453,6,3
smma,0.6931471805599453,8,4
bulanan,0.6931471805599453,8,4
koperasi,0.6931471805599453,8,4
iyaa,0.6931471805599453,10,5
dihargai,0.6931471805599453,6,3
berakhir,0.6931471805599453,12,6
cont,0.6931471805599453,6,3
timur,0.6931471805599453,6,3
keduanya,0.6931471805599453,6,3
raksasa,0.6931471805599453,10,5
teratas,0.6931471805599453,6,3
terigu,0.6931471805599453,6,3
earnings,0.6931471805599453,8,4
kerjaan,0.6931471805599453,6,3
kapitalisasi,0.6931471805599453,16,8
switch,0.6931471805599453,6,3
core,0.6931471805599453,8,4
equity,0.6931471805599453,8,4
dmas,0.6931471805599453,6,3
ngajak,0.6931471805599453,6,3
salut,0.6931471805599453,6,3
internal,0.6931471805599453,8,4
sector,0.6931471805599453,10,5
mestinya,0.6931471805599453,10,5
kepada,0.6931471805599453,28,14
kira,0.6931471805599453,38,19
last,0.6931471805599453,24,12
liquid,0.6931471805599453,6,3
pas,0.6931471805599453,152,76
terbesar,0.6931471805599453,50,25
gojek,0.6931471805599453,6,3
heran,0.6931471805599453,10,5
under,0.6931471805599453,10,5
kau,0.6931471805599453,6,3
diserok,0.6931471805599453,6,3
konten,0.6931471805599453,6,3
mah,0.6931471805599453,52,26
fomo,0.6931471805599453,6,3
mmg,0.6931471805599453,6,3
blom,0.6931471805599453,6,3
menaikkan,0.6931471805599453,6,3
wkwkwkwkwk,0.6931471805599453,6,3
ulasan,0.6931471805599453,8,4
biasanya,0.6931471805599453,22,11
siang,0.6931471805599453,18,9
pre,0.6931471805599453,6,3
meraup,0.6931471805599453,6,3
khususnya,0.6931471805599453,8,4
limit,0.6931471805599453,6,3
sempat,0.6931471805599453,38,19
gambar,0.6931471805599453,6,3
deal,0.6931471805599453,6,3
ngecek,0.6931471805599453,6,3
finance,0.6931471805599453,8,4
kripto,0.6931471805599453,8,4
convergence,0.6931471805599453,6,3
air,0.6931471805599453,8,4
posting,0.6931471805599453,6,3
tujuan,0.6931471805599453,8,4
anthoni,0.6931471805599453,24,12
kedepannya,0.6931471805599453,12,6
ketimbang,0.6931471805599453,6,3
fans,0.6931471805599453,6,3
soon,0.6931471805599453,6,3
des,0.6931471805599453,6,3
beginian,0.6931471805599453,6,3
doa,0.6931471805599453,6,3
menyusul,0.6931471805599453,6,3
agenda,0.6931471805599453,6,3
induk,0.6931471805599453,20,10
kuncinya,0.6931471805599453,6,3
turut,0.6931471805599453,12,6
asset,0.6931471805599453,16,8
sender,0.6931471805599453,8,4
takut,0.6931471805599453,26,13
paket,0.6931471805599453,8,4
transfer,0.6931471805599453,6,3
mempertimbangkan,0.6931471805599453,6,3
antara,0.6931471805599453,18,9
opo,0.6931471805599453,6,3
asumsi,0.6931471805599453,8,4
setidaknya,0.6931471805599453,8,4
terbanyak,0.6931471805599453,10,5
grafik,0.6931471805599453,6,3
keliatan,0.6931471805599453,8,4
pajak,0.6931471805599453,6,3
tutup,0.6931471805599453,24,12
isinya,0.6931471805599453,6,3
dca,0.6931471805599453,6,3
barangnya,0.6931471805599453,6,3
sehingga,0.6931471805599453,20,10
saranin,0.6931471805599453,6,3
cepat,0.6931471805599453,14,7
angin,0.6931471805599453,8,4
sentimen,0.6737290947028437,51,26
tkim,0.6632942174102642,33,17
pergerakan,0.661398482245365,31,16
cash,0.661398482245365,31,16
duit,0.6603573577369545,60,31
oleh,0.6567795363890705,81,42
bilang,0.6567795363890705,27,14
wajar,0.6567795363890705,27,14
diatas,0.6567795363890705,27,14
rups,0.6554068525770982,52,27
see,0.653926467406664,25,13
gede,0.6528732814220054,73,38
sabar,0.6523251860396901,48,25
fren,0.6505875661411494,23,12
ikutan,0.6505875661411494,23,12
sdh,0.6466271649250525,21,11
tarif,0.6466271649250525,21,11
dlm,0.6418538861723947,19,10
dimana,0.6418538861723947,19,10
sampai,0.6384887680220812,89,47
mending,0.6375773294051346,70,37
lipat,0.6359887667199967,17,9
sehari,0.6359887667199967,17,9
rekor,0.6359887667199967,17,9
average,0.6325225587435105,32,17
asal,0.6286086594223741,15,8
ekspor,0.6286086594223741,15,8
back,0.6286086594223741,15,8
dcii,0.6286086594223741,15,8
santai,0.6286086594223741,15,8
betul,0.6286086594223741,15,8
big,0.6276692511804384,133,71
baru,0.6261364702769852,202,108
soalnya,0.6257058997644128,43,23
waktu,0.6241543090729939,84,45
like,0.6190392084062235,13,7
baca,0.6171612735820233,76,41
tau,0.6171612735820233,76,41
inves,0.6061358035703155,11,6
direktur,0.6061358035703155,11,6
wait,0.6061358035703155,11,6
ayam,0.6061358035703155,11,6
nilainya,0.6061358035703155,11,6
roe,0.6061358035703155,11,6
era,0.6061358035703155,11,6
nunggu,0.6035350218702581,64,35
makin,0.6021754023542185,168,92
brms,0.5978370007556204,20,11
bahas,0.5978370007556204,20,11
jelas,0.5959834321062976,49,27
mencoba,0.5877866649021191,9,5
minat,0.5877866649021191,9,5
leader,0.5877866649021191,9,5
puncak,0.5877866649021191,9,5
diganti,0.5877866649021191,9,5
pertimbangan,0.5877866649021191,9,5
libur,0.5877866649021191,9,5
thread,0.5877866649021191,9,5
bertumbuh,0.5877866649021191,9,5
list,0.5877866649021191,9,5
segmen,0.5877866649021191,18,10
laku,0.5877866649021191,9,5
pabrik,0.5877866649021191,18,10
secara,0.5855165163675798,88,49
beneran,0.5798184952529422,25,14
jauh,0.5773153650348236,57,32
telkomsel,0.5753641449035618,16,9
ampe,0.5753641449035618,16,9
kyk,0.5753641449035618,16,9
orang,0.5740878205439571,87,49
awal,0.5740878205439571,87,49
cuma,0.5736020299101626,126,71
growth,0.5705448584676129,23,13
mereka,0.5686930060865394,83,47
sempet,0.5679840376059393,30,17
seru,0.5596157879354227,7,4
management,0.5596157879354227,7,4
tersenyum,0.5596157879354227,7,4
sementara,0.5596157879354227,42,24
diantaranya,0.5596157879354227,7,4
ramai,0.5596157879354227,7,4
menutup,0.5596157879354227,7,4
dist,0.5596157879354227,7,4
kebijakan,0.5596157879354227,14,8
wall,0.5596157879354227,7,4
hajar,0.5596157879354227,7,4
lonjakan,0.5596157879354227,7,4
tenang,0.5596157879354227,21,12
bersihnya,0.5596157879354227,7,4
belakangan,0.5596157879354227,7,4
produksi,0.5596157879354227,14,8
sekian,0.5596157879354227,7,4
more,0.5596157879354227,7,4
dyor,0.5596157879354227,21,12
rekom,0.5596157879354227,7,4
pandemi,0.5596157879354227,28,16
ikuti,0.5596157879354227,7,4
user,0.5596157879354227,7,4
jdi,0.5596157879354227,7,4
lap,0.5596157879354227,7,4
fmcg,0.5596157879354227,7,4
memutuskan,0.5596157879354227,7,4
ngacir,0.5596157879354227,7,4
diekspektasiken,0.5596157879354227,7,4
galau,0.5596157879354227,7,4
and,0.5533852381847866,40,23
kemungkinan,0.5520685823000399,33,19
ada,0.5516736765786474,533,307
banking,0.550046336919272,26,15
sedang,0.550046336919272,52,30
apakah,0.5493592877682336,97,56
perang,0.5465437063680699,19,11
sebagian,0.5465437063680699,19,11
relatif,0.5389965007326869,12,7
labanya,0.5389965007326869,12,7
nutup,0.5389965007326869,12,7
crypto,0.5389965007326869,12,7
sebelum,0.5389965007326869,36,21
china,0.5389965007326869,12,7
laba,0.5381987344358893,358,209
sekali,0.5340824859302579,29,17
ingin,0.5306282510621704,17,10
diatribusikan,0.5306282510621704,17,10
ptro,0.5306282510621704,17,10
goto,0.5248118657407306,120,71
rupiah,0.5232481437645479,54,32
gua,0.5221893824163057,59,35
low,0.5212969236332861,32,19
wkwkw,0.5212969236332861,32,19
semua,0.5158131652770298,134,80
pengaruh,0.5108256237659907,5,3
kuatnya,0.5108256237659907,5,3
engga,0.5108256237659907,10,6
itulah,0.5108256237659907,10,6
cpo,0.5108256237659907,5,3
efisien,0.5108256237659907,5,3
kebagian,0.5108256237659907,5,3
nckl,0.5108256237659907,5,3
tercapai,0.5108256237659907,5,3
hahahaha,0.5108256237659907,10,6
ituu,0.5108256237659907,5,3
fibo,0.5108256237659907,5,3
esok,0.5108256237659907,5,3
teroos,0.5108256237659907,5,3
menahan,0.5108256237659907,5,3
nov,0.5108256237659907,5,3
gelar,0.5108256237659907,5,3
berhubungan,0.5108256237659907,5,3
merespon,0.5108256237659907,5,3
loan,0.5108256237659907,5,3
trilyun,0.5108256237659907,5,3
nfcx,0.5108256237659907,5,3
spekulasi,0.5108256237659907,5,3
end,0.5108256237659907,5,3
bluechips,0.5108256237659907,5,3
pom,0.5108256237659907,5,3
kerasa,0.5108256237659907,5,3
resesi,0.5108256237659907,5,3
baiknya,0.5108256237659907,5,3
ketutup,0.5108256237659907,5,3
dlu,0.5108256237659907,20,12
menurunkan,0.5108256237659907,5,3
cuy,0.5108256237659907,10,6
beralih,0.5108256237659907,5,3
modalnya,0.5108256237659907,5,3
kelihatan,0.5108256237659907,5,3
revenue,0.5108256237659907,10,6
pen,0.5108256237659907,5,3
lan,0.5108256237659907,5,3
supaya,0.5108256237659907,10,6
punggung,0.5108256237659907,5,3
alert,0.5108256237659907,5,3
retest,0.5108256237659907,5,3
hiks,0.5108256237659907,5,3
keputusan,0.5108256237659907,15,9
receh,0.5108256237659907,5,3
doid,0.5108256237659907,5,3
pelat,0.5108256237659907,5,3
infonya,0.5108256237659907,5,3
trs,0.5108256237659907,15,9
diguyur,0.5108256237659907,5,3
bila,0.5108256237659907,5,3
capaian,0.5108256237659907,5,3
tumbal,0.5108256237659907,5,3
bahaya,0.5108256237659907,5,3
mengapa,0.5108256237659907,5,3
kaget,0.5108256237659907,15,9
tbtb,0.5108256237659907,5,3
wes,0.5108256237659907,5,3
online,0.5108256237659907,5,3
timeframe,0.5108256237659907,5,3
bergejolak,0.5108256237659907,5,3
menteri,0.5108256237659907,5,3
kelola,0.5108256237659907,5,3
malaysia,0.5108256237659907,5,3
mostly,0.5108256237659907,5,3
dibully,0.5108256237659907,5,3
maen,0.5108256237659907,5,3
bobot,0.5108256237659907,5,3
dgn,0.49783842823917956,51,31
top,0.49643688631389105,253,154
gainer,0.49643688631389105,46,28
cap,0.49247648509779424,54,33
utama,0.4914075379088891,85,52
margin,0.4895482253187058,31,19
invest,0.4888467170472154,75,46
bln,0.4855078157817008,13,8
datang,0.4855078157817008,13,8
banget,0.4855078157817008,156,96
skrng,0.4855078157817008,13,8
emang,0.48405538270138593,86,53
jii,0.4818380868927384,34,21
garis,0.4795730802618863,21,13
banyak,0.47862968396550293,326,202
wifi,0.47692407209030935,29,18
tapi,0.4747998015092286,418,260
penasaran,0.47000362924573563,8,5
dibanding,0.47000362924573563,24,15
ditengah,0.47000362924573563,8,5
sihh,0.47000362924573563,8,5
internet,0.47000362924573563,16,10
jaga,0.47000362924573563,16,10
current,0.47000362924573563,8,5
hadapi,0.47000362924573563,8,5
hasilnya,0.47000362924573563,8,5
berturut,0.47000362924573563,8,5
properti,0.47000362924573563,16,10
email,0.47000362924573563,8,5
aadi,0.47000362924573563,8,5
report,0.47000362924573563,8,5
paling,0.4690908039883759,219,137
pegang,0.46608972992459924,51,32
ketika,0.4653632496892333,43,27
udh,0.4638371143300716,97,61
muncul,0.45953232937844013,19,12
bos,0.45953232937844013,19,12
krn,0.45953232937844013,57,36
deh,0.45830758948254424,68,43
lain,0.4578330936254803,98,62
dikit,0.4547361571149471,52,33
reli,0.4519851237430572,11,7
pasca,0.4519851237430572,11,7
bahan,0.4519851237430572,22,14
bagaimana,0.4519851237430572,22,14
open,0.4519851237430572,11,7
nyaman,0.4519851237430572,11,7
ajaib,0.4519851237430572,11,7
kawan,0.4519851237430572,11,7
hanya,0.44952509790219486,58,37
trus,0.44802472252696035,36,23
berapa,0.44802472252696035,36,23
trust,0.44183275227903923,14,9
mungkin,0.4405564279194345,87,56
mau,0.43995128417933366,354,228
ditutup,0.4376222197426958,158,102
sama,0.4374678391943382,381,246
segitu,0.43078291609245434,20,13
change,0.42744401482693967,23,15
bersih,0.4265185173059967,144,94
termasuk,0.4248831939652659,26,17
mas,0.4228568508200336,29,19
terus,0.4167391846813824,223,147
adalah,0.41139984362797893,169,112
lalu,0.40904292945604837,140,93
perbandingan,0.4054651081081644,6,4
gaya,0.4054651081081644,6,4
walaupun,0.4054651081081644,33,22
street,0.4054651081081644,6,4
candle,0.4054651081081644,12,8
mantau,0.4054651081081644,9,6
pemilik,0.4054651081081644,24,16
gokil,0.4054651081081644,6,4
pro,0.4054651081081644,6,4
tulang,0.4054651081081644,6,4
menyentuh,0.4054651081081644,9,6
negara,0.4054651081081644,45,30
usah,0.4054651081081644,12,8
krna,0.4054651081081644,6,4
akun,0.4054651081081644,18,12
biru,0.4054651081081644,9,6
tele,0.4054651081081644,6,4
situasi,0.4054651081081644,6,4
perak,0.4054651081081644,6,4
reversal,0.4054651081081644,6,4
sob,0.4054651081081644,6,4
dijadikan,0.4054651081081644,6,4
keyakinan,0.4054651081081644,6,4
tungguin,0.4054651081081644,6,4
boikot,0.4054651081081644,6,4
diikuti,0.4054651081081644,6,4
ketemu,0.4054651081081644,6,4
count,0.4054651081081644,6,4
ema,0.4054651081081644,15,10
bentar,0.4054651081081644,12,8
riil,0.4054651081081644,6,4
banting,0.4054651081081644,9,6
iki,0.4054651081081644,9,6
studi,0.4054651081081644,6,4
terasa,0.4054651081081644,6,4
nyetok,0.4054651081081644,6,4
kayaknya,0.4054651081081644,27,18
sejalan,0.4054651081081644,6,4
soci,0.4054651081081644,6,4
seminggu,0.4054651081081644,9,6
teruss,0.4054651081081644,6,4
jarang,0.4054651081081644,6,4
alias,0.4054651081081644,12,8
perubahan,0.4054651081081644,6,4
order,0.4054651081081644,6,4
akankah,0.4054651081081644,6,4
dibandingkan,0.3894647667617233,31,21
tipis,0.3894647667617233,31,21
namun,0.38566248081198473,25,17
naiknya,0.38566248081198473,25,17
tekanan,0.3829922522561057,22,15
pak,0.3813675565291038,82,56
tanpa,0.3794896217049037,19,13
sering,0.3746934494414107,16,11
dampak,0.3746934494414107,16,11
bahkan,0.371563556432483,29,20
tuh,0.36772478012531734,78,54
terendah,0.36772478012531734,13,9
gaes,0.36772478012531734,13,9
kemarin,0.36221512431434777,181,126
aing,0.3566749439387324,10,7
tua,0.3566749439387324,10,7
kayak,0.3566749439387324,70,49
esg,0.3566749439387324,10,7
review,0.3566749439387324,10,7
asing,0.3543734469504532,496,348
rame,0.3483066942682158,17,12
artinya,0.3448404862917296,24,17
impor,0.3364722366212129,14,10
sekitar,0.3364722366212129,49,35
ngga,0.3364722366212129,28,20
fair,0.3364722366212129,7,5
terutama,0.3364722366212129,21,15
spt,0.3364722366212129,14,10
telat,0.3364722366212129,14,10
pgn,0.3364722366212129,7,5
gausah,0.3364722366212129,7,5
isi,0.3364722366212129,7,5
perjalanan,0.3364722366212129,7,5
yak,0.3364722366212129,14,10
sesuai,0.3364722366212129,21,15
ndak,0.3364722366212129,7,5
rasa,0.3364722366212129,14,10
noh,0.3364722366212129,7,5
aliran,0.3364722366212129,7,5
sblm,0.3364722366212129,7,5
window,0.3364722366212129,7,5
selesai,0.3364722366212129,14,10
laen,0.3364722366212129,7,5
dressing,0.3364722366212129,7,5
sebuah,0.3364722366212129,7,5
pny,0.3364722366212129,7,5
sok,0.3364722366212129,7,5
mengumumkan,0.3364722366212129,7,5
berlaku,0.3364722366212129,7,5
point,0.3364722366212129,7,5
panas,0.3364722366212129,7,5
msh,0.32850406697203605,25,18
januari,0.32542240043462795,36,26
manajemen,0.32542240043462795,18,13
untung,0.3242396681855786,65,47
yaa,0.32158362412746233,40,29
gimana,0.32090772008010127,51,37
konsensus,0.3184537311185346,11,8
terjadi,0.3184537311185346,33,24
keluar,0.3184537311185346,44,32
mirip,0.31015492830383945,15,11
pun,0.3074846997479607,34,25
minta,0.3053816495511819,19,14
tadi,0.3053816495511819,38,28
kaga,0.3053816495511819,19,14
kecuali,0.3053816495511819,19,14
masi,0.3053816495511819,19,14
miliar,0.2995165300987838,170,126
sesi,0.29266961396282004,67,50
banjir,0.28768207245178085,4,3
belakang,0.28768207245178085,4,3
membara,0.28768207245178085,4,3
stelah,0.28768207245178085,4,3
memegang,0.28768207245178085,4,3
keu,0.28768207245178085,4,3
haji,0.28768207245178085,4,3
para,0.28768207245178085,28,21
pek,0.28768207245178085,4,3
halt,0.28768207245178085,12,9
undervalue,0.28768207245178085,4,3
kabeh,0.28768207245178085,4,3
tokopedia,0.28768207245178085,4,3
dipengaruhi,0.28768207245178085,4,3
sebentar,0.28768207245178085,4,3
kemahalan,0.28768207245178085,12,9
keinget,0.28768207245178085,4,3
flat,0.28768207245178085,4,3
jawab,0.28768207245178085,4,3
jejaknya,0.28768207245178085,4,3
persentase,0.28768207245178085,4,3
konglomerasi,0.28768207245178085,4,3
menyalaa,0.28768207245178085,4,3
nemu,0.28768207245178085,4,3
bapak,0.28768207245178085,12,9
peluncuran,0.28768207245178085,4,3
ngambil,0.28768207245178085,4,3
ditekan,0.28768207245178085,4,3
laggard,0.28768207245178085,4,3
pelemahan,0.28768207245178085,12,9
menemukan,0.28768207245178085,4,3
itupun,0.28768207245178085,4,3
njir,0.28768207245178085,4,3
kelas,0.28768207245178085,4,3
pikir,0.28768207245178085,4,3
bertahun,0.28768207245178085,4,3
denger,0.28768207245178085,8,6
membawa,0.28768207245178085,8,6
kaka,0.28768207245178085,4,3
kabar,0.28768207245178085,20,15
gilak,0.28768207245178085,4,3
berkapitalisasi,0.28768207245178085,4,3
langit,0.28768207245178085,4,3
chaos,0.28768207245178085,4,3
foya,0.28768207245178085,4,3
pemain,0.28768207245178085,4,3
anjayy,0.28768207245178085,4,3
issi,0.28768207245178085,4,3
goyang,0.28768207245178085,4,3
hitam,0.28768207245178085,4,3
perolehan,0.28768207245178085,4,3
gendut,0.28768207245178085,4,3
siapin,0.28768207245178085,4,3
lampu,0.28768207245178085,4,3
repot,0.28768207245178085,4,3
jari,0.28768207245178085,4,3
dibutuhkan,0.28768207245178085,4,3
kampung,0.28768207245178085,4,3
tumben,0.28768207245178085,4,3
kuatir,0.28768207245178085,4,3
teknologi,0.28768207245178085,8,6
niat,0.28768207245178085,8,6
terang,0.28768207245178085,4,3
kyknya,0.28768207245178085,4,3
pulang,0.28768207245178085,4,3
wew,0.28768207245178085,4,3
gabakal,0.28768207245178085,4,3
disiplin,0.28768207245178085,4,3
bumbu,0.28768207245178085,4,3
disedot,0.28768207245178085,4,3
ghz,0.28768207245178085,4,3
gerakan,0.28768207245178085,4,3
muter,0.28768207245178085,4,3
maaf,0.28768207245178085,8,6
duti,0.28768207245178085,4,3
salam,0.28768207245178085,4,3
sengaja,0.28768207245178085,4,3
silam,0.28768207245178085,4,3
setahun,0.28768207245178085,32,24
queen,0.28768207245178085,4,3
rekan,0.28768207245178085,4,3
prajogo,0.28768207245178085,4,3
changes,0.28768207245178085,4,3
toh,0.28768207245178085,4,3
sebel,0.28768207245178085,4,3
supportnya,0.28768207245178085,8,6
yaampun,0.28768207245178085,4,3
meledak,0.28768207245178085,4,3
project,0.28768207245178085,4,3
tax,0.28768207245178085,4,3
bukukan,0.28768207245178085,8,6
mengakuisisi,0.28768207245178085,8,6
pasukan,0.28768207245178085,4,3
terpengaruh,0.28768207245178085,4,3
seumur,0.28768207245178085,4,3
negosiasi,0.28768207245178085,4,3
pondasi,0.28768207245178085,8,6
kalimat,0.28768207245178085,4,3
material,0.28768207245178085,4,3
ngefek,0.28768207245178085,4,3
nisp,0.28768207245178085,4,3
concern,0.28768207245178085,4,3
balik,0.28768207245178085,76,57
nampung,0.28768207245178085,4,3
tandanya,0.28768207245178085,4,3
berlangsung,0.28768207245178085,4,3
atur,0.28768207245178085,4,3
dikasi,0.28768207245178085,4,3
aturan,0.28768207245178085,4,3
avg,0.28768207245178085,64,48
terapkan,0.28768207245178085,4,3
tsel,0.28768207245178085,4,3
jagoan,0.28768207245178085,4,3
berusaha,0.28768207245178085,4,3
koin,0.28768207245178085,4,3
wib,0.28768207245178085,4,3
bigbank,0.28768207245178085,4,3
ujan,0.28768207245178085,4,3
deras,0.28768207245178085,4,3
game,0.28768207245178085,4,3
slow,0.28768207245178085,4,3
pinter,0.28768207245178085,4,3
diumumkan,0.28768207245178085,4,3
berdoa,0.28768207245178085,4,3
pompom,0.28768207245178085,8,6
waw,0.28768207245178085,4,3
profit,0.28256697178501045,65,49
harganya,0.28185115214098766,57,43
sejak,0.28030196515415834,45,34
blm,0.27625337662815813,29,22
lokal,0.27443684570176036,25,19
auto,0.2702903297399117,38,29
islamic,0.26826398659467937,17,13
take,0.26236426446749106,13,10
banks,0.26236426446749106,26,20
tentu,0.26236426446749106,13,10
diri,0.26236426446749106,13,10
crash,0.26236426446749106,13,10
situ,0.26236426446749106,13,10
foreign,0.26053108338583014,109,84
sekarang,0.25510590201716826,151,117
net,0.252342706006472,278,216
trader,0.25131442828090617,9,7
normal,0.25131442828090617,9,7
meskipun,0.25131442828090617,18,14
suatu,0.25131442828090617,9,7
ttp,0.25131442828090617,9,7
udah,0.24895593662161317,363,283
kondisi,0.2468600779315258,32,25
tiba,0.2468600779315258,32,25
tentang,0.24116205681688804,14,11
lama,0.24116205681688804,56,44
double,0.23638877806423034,19,15
ipo,0.23638877806423034,19,15
jangan,0.2341933875007947,91,72
makanya,0.2336148511815051,24,19
pertanyaan,0.22314355131420976,5,4
kmrn,0.22314355131420976,25,20
prof,0.22314355131420976,5,4
foto,0.22314355131420976,5,4
fakta,0.22314355131420976,5,4
saldo,0.22314355131420976,5,4
belom,0.22314355131420976,15,12
awalnya,0.22314355131420976,5,4
feb,0.22314355131420976,5,4
pssi,0.22314355131420976,5,4
dibahas,0.22314355131420976,5,4
pengalaman,0.22314355131420976,5,4
breaking,0.22314355131420976,5,4
fiktif,0.22314355131420976,5,4
sebenernya,0.22314355131420976,10,8
sanggup,0.22314355131420976,5,4
mudik,0.22314355131420976,5,4
memublikasikan,0.22314355131420976,5,4
ditahan,0.22314355131420976,5,4
kesabaran,0.22314355131420976,5,4
your,0.22314355131420976,5,4
amin,0.22314355131420976,5,4
konsumen,0.22314355131420976,5,4
ajah,0.22314355131420976,5,4
doi,0.22314355131420976,5,4
gapunya,0.22314355131420976,5,4
tangga,0.22314355131420976,5,4
lgsg,0.22314355131420976,10,8
ngikutin,0.22314355131420976,5,4
yaallah,0.22314355131420976,5,4
keseluruhan,0.22314355131420976,5,4
set,0.22314355131420976,5,4
kartu,0.22314355131420976,5,4
ngurusin,0.22314355131420976,5,4
bet,0.22314355131420976,5,4
berubah,0.22314355131420976,5,4
perbaikan,0.22314355131420976,5,4
kinerjanya,0.22314355131420976,10,8
miskin,0.22314355131420976,5,4
gamau,0.22314355131420976,10,8
stay,0.22314355131420976,5,4
seandainya,0.22314355131420976,5,4
ora,0.22314355131420976,5,4
kotak,0.22314355131420976,5,4
diangkat,0.22314355131420976,5,4
pemasukan,0.22314355131420976,5,4
guru,0.22314355131420976,5,4
cerita,0.22314355131420976,5,4
dipercaya,0.22314355131420976,5,4
demikian,0.22314355131420976,5,4
memanfaatkan,0.22314355131420976,5,4
manuver,0.22314355131420976,5,4
pertamina,0.22314355131420976,5,4
supply,0.22314355131420976,5,4
huhu,0.22314355131420976,5,4
berbalik,0.22314355131420976,10,8
cukai,0.22314355131420976,5,4
batubara,0.22314355131420976,5,4
brp,0.22314355131420976,10,8
bikin,0.21772348384487053,92,74
dibawah,0.216223108469636,36,29
kecil,0.216223108469636,36,29
kalian,0.2151113796169455,31,25
index,0.2135741002980591,26,21
ammn,0.21130909366720696,21,17
nyesel,0.21130909366720696,21,17
sayang,0.20763936477824455,16,13
bang,0.20763936477824455,48,39
pagi,0.20067069546215124,66,54
return,0.20067069546215124,11,9
disitu,0.20067069546215124,11,9
buka,0.20067069546215124,55,45
misalnya,0.20067069546215124,11,9
begitu,0.1823215567939546,24,20
twit,0.1823215567939546,6,5
penjelasan,0.1823215567939546,6,5
follow,0.1823215567939546,6,5
selisih,0.1823215567939546,6,5
drop,0.1823215567939546,12,10
amat,0.1823215567939546,12,10
diminggu,0.1823215567939546,6,5
dulu,0.1823215567939546,132,110
lagian,0.1823215567939546,6,5
lek,0.1823215567939546,6,5
hebat,0.1823215567939546,6,5
app,0.1823215567939546,6,5
cape,0.1823215567939546,6,5
broker,0.1823215567939546,12,10
arpu,0.1823215567939546,6,5
pokok,0.1823215567939546,6,5
seharusnya,0.1823215567939546,6,5
rebu,0.1823215567939546,6,5
nim,0.1823215567939546,6,5
sejauh,0.1823215567939546,6,5
merahnya,0.1823215567939546,6,5
ctak,0.1823215567939546,6,5
tantangan,0.1823215567939546,6,5
gerak,0.1823215567939546,12,10
trending,0.1823215567939546,6,5
mendingan,0.1823215567939546,6,5
wkwkwk,0.17904823144898546,61,51
tak,0.17768117723745241,43,36
pernah,0.17768117723745241,43,36
skrg,0.17284281283941083,63,53
estimasi,0.16705408466316624,13,11
via,0.15415067982725836,7,6
bitcoin,0.15415067982725836,7,6
qoq,0.15415067982725836,7,6
kejadian,0.15415067982725836,7,6
pinjaman,0.15415067982725836,7,6
disuruh,0.15415067982725836,7,6
part,0.15415067982725836,7,6
bgtt,0.15415067982725836,7,6
hal,0.15415067982725836,28,24
merasa,0.15415067982725836,7,6
prefer,0.15415067982725836,7,6
ajakan,0.15415067982725836,7,6
bersyukur,0.15415067982725836,7,6
dipimpin,0.15415067982725836,7,6
taking,0.15415067982725836,7,6
down,0.14903557916048796,65,56
pindah,0.14310084364067324,15,13
org,0.14310084364067324,15,13
ratu,0.14310084364067324,15,13
jam,0.13976194237515863,23,20
btps,0.13976194237515863,23,20
finansial,0.13353139262452257,8,7
kirain,0.13353139262452257,8,7
dolar,0.13353139262452257,8,7
sambil,0.13353139262452257,16,14
butuh,0.13353139262452257,16,14
caranya,0.13353139262452257,8,7
hrs,0.13353139262452257,8,7
dibilang,0.13353139262452257,8,7
jadinya,0.13353139262452257,8,7
belinya,0.125163142954006,17,15
bgt,0.11905936001598816,98,87
swasta,0.11778303565638346,9,8
emg,0.11778303565638346,27,24
pribadi,0.11778303565638346,9,8
lbh,0.11778303565638346,9,8
hati,0.10536051565782635,30,27
masalah,0.10536051565782635,10,9
jan,0.10536051565782635,10,9
mayoritas,0.10536051565782635,10,9
mikro,0.10536051565782635,10,9
pucuk,0.10536051565782635,10,9
drpd,0.10536051565782635,10,9
kemaren,0.10265415406008337,41,37
prediksi,0.10008345855698263,21,19
apa,0.09844007281325251,160,145
liat,0.0966268356890717,76,69
direksi,0.09531017980432493,11,10
dasar,0.09531017980432493,11,10
adanya,0.09531017980432493,11,10
news,0.09531017980432493,11,10
loyo,0.09531017980432493,11,10
begini,0.09237332013101507,34,31
sebenarnya,0.08701137698962969,12,11
fase,0.08701137698962969,12,11
wkwkwkw,0.08701137698962969,12,11
tetapi,0.08701137698962969,12,11
close,0.08701137698962969,12,11
ama,0.08701137698962969,24,22
kepala,0.08004270767353636,13,12
terkait,0.08004270767353636,13,12
sampe,0.07913732055872379,92,85
dah,0.0773866636154202,94,87
hampir,0.07598590697792205,41,38
keknya,0.07410797215372183,14,13
otw,0.06899287148695142,15,14
berharap,0.06453852113757116,16,15
bingung,0.06453852113757116,16,15
kata,0.06252035698133393,33,31
next,0.06062462181643484,17,16
menyala,0.06062462181643484,17,16
hmm,0.05715841383994862,18,17
gorengan,0.05406722127027579,19,18
berarti,0.05406722127027579,19,18
nah,0.05129329438755048,20,19
beda,0.05129329438755048,20,19
panik,0.04879016416943204,21,20
kurang,0.0408219945202552,25,24
covid,0.03278982282299097,31,30
bumn,0.030305349495328843,67,65
gini,0.018018505502678212,56,55
stress,0.0,7,7
sayangnya,0.0,5,5
pulsa,0.0,4,4
umur,0.0,4,4
wkkw,0.0,4,4
dagang,0.0,8,8
kino,0.0,4,4
let,0.0,4,4
dihajar,0.0,6,6
turunnya,0.0,14,14
karyawan,0.0,6,6
operator,0.0,6,6
call,0.0,4,4
major,0.0,4,4
dkk,0.0,12,12
merangkak,0.0,5,5
sebelah,0.0,5,5
why,0.0,4,4
mendadak,0.0,7,7
maunya,0.0,4,4
akal,0.0,4,4
maklum,0.0,4,4
terpaksa,0.0,4,4
mentok,0.0,12,12
nahan,0.0,4,4
ajaa,0.0,5,5
nungguin,0.0,7,7
nyentuh,0.0,11,11
kurs,0.0,7,7
bkn,0.0,4,4
gaada,0.0,6,6
yaah,0.0,4,4
asli,0.0,7,7
pakai,0.0,14,14
imbas,0.0,5,5
lelang,0.0,4,4
wkwkwkwk,0.0,13,13
pantes,0.0,11,11
plg,0.0,4,4
umumnya,0.0,4,4
book,0.0,4,4
ojk,0.0,7,7
cita,0.0,11,11
pergerakannya,0.0,4,4
that,0.0,4,4
walopun,0.0,4,4
mantengin,0.0,4,4
nonton,0.0,5,5
aneh,0.0,9,9
mimpi,0.0,9,9
warga,0.0,7,7
sarankan,0.0,4,4
panic,0.0,4,4
macem,0.0,5,5
bni,0.0,8,8
leading,0.0,10,10
trio,0.0,4,4
belasan,0.0,4,4
model,0.0,7,7
wacana,0.0,4,4
drama,0.0,6,6
hantu,0.0,4,4
laut,0.0,4,4
disorot,0.0,4,4
sebaliknya,0.0,6,6
tempo,0.0,5,5
sawit,0.0,4,4
wajarnya,0.0,4,4
buru,0.0,6,6
listrik,0.0,4,4
liatnya,0.0,4,4
batal,0.0,4,4
kang,0.0,4,4
hrga,0.0,5,5
aseng,0.0,4,4
biarin,0.0,6,6
bsa,0.0,4,4
ngomong,0.0,7,7
agar,0.0,13,13
dipublikasikan,0.0,5,5
what,0.0,5,5
naikin,0.0,6,6
proyek,0.0,5,5
ngaruh,0.0,8,8
nanem,0.0,4,4
khawatir,0.0,4,4
lots,0.0,8,8
pliss,0.0,4,4
nomor,0.0,5,5
fyi,0.0,4,4
viral,0.0,5,5
monthly,0.0,6,6
please,0.0,10,10
volatilitas,0.0,6,6
ahli,0.0,4,4
bener,-0.01869213301215252,53,54
jual,-0.020339684237122672,146,149
ternyata,-0.02105340919783238,47,48
kok,-0.028573372444056,69,71
pemerintah,-0.03636764417087483,27,28
apalagi,-0.048790164169432056,40,42
thn,-0.048790164169432056,20,21
tetep,-0.06453852113757118,30,32
yoy,-0.06453852113757118,60,64
agak,-0.07696104113612832,25,27
ekspektasi,-0.08004270767353637,12,13
retail,-0.08004270767353637,12,13
yah,-0.084557388028063,34,37
reksa,-0.08701137698962981,11,12
pasang,-0.0953101798043249,10,11
kayanya,-0.10008345855698253,19,21
jatoh,-0.10536051565782628,9,10
kmren,-0.10536051565782628,9,10
katanya,-0.11122563511022437,17,19
harapan,-0.11778303565638351,8,9
pusing,-0.11778303565638351,8,9
tsb,-0.11778303565638351,8,9
keras,-0.11778303565638351,8,9
kagak,-0.11778303565638351,8,9
doang,-0.12136085700426748,31,35
shm,-0.12783337150988489,22,25
fund,-0.13353139262452263,7,8
mohon,-0.13353139262452263,7,8
view,-0.13554549199622393,62,71
disertai,-0.13554549199622393,62,71
soal,-0.13976194237515874,20,23
technical,-0.14518200984449783,64,74
porto,-0.14842000511827333,50,58
mkpi,-0.15415067982725836,6,7
pacific,-0.15415067982725836,6,7
nnti,-0.15415067982725836,6,7
tangan,-0.15415067982725836,6,7
berasa,-0.15415067982725836,6,7
temen,-0.15415067982725836,12,14
indikasi,-0.15415067982725836,6,7
kadang,-0.15415067982725836,6,7
segi,-0.15415067982725836,6,7
eido,-0.15415067982725836,6,7
mana,-0.1616413515564159,57,67
daripada,-0.16251892949777494,17,20
malah,-0.16345307248957186,107,126
movers,-0.17185025692665928,16,19
kapan,-0.17327172127403667,37,44
penurunan,-0.17768117723745236,36,43
konfirmasi,-0.1823215567939546,5,6
tampaknya,-0.1823215567939546,5,6
setengah,-0.1823215567939546,5,6
bangett,-0.1823215567939546,5,6
gandum,-0.1823215567939546,20,24
signal,-0.1823215567939546,5,6
menjual,-0.1823215567939546,5,6
bye,-0.1823215567939546,10,12
downtrend,-0.1823215567939546,20,24
sana,-0.1823215567939546,5,6
tertekan,-0.20479441264601328,22,27
ganti,-0.2076393647782445,13,16
terkoreksi,-0.2113090936672069,17,21
danantara,-0.21197025071608455,72,89
gajadi,-0.2231435513142097,4,5
ngomongin,-0.2231435513142097,4,5
etf,-0.2231435513142097,4,5
otomatis,-0.2231435513142097,4,5
revisi,-0.2231435513142097,4,5
customer,-0.2231435513142097,4,5
sedap,-0.2231435513142097,4,5
cbdk,-0.2231435513142097,8,10
ilang,-0.2231435513142097,4,5
mengurangi,-0.2231435513142097,4,5
diantara,-0.2231435513142097,4,5
bad,-0.2231435513142097,4,5
entar,-0.2231435513142097,4,5
jir,-0.2231435513142097,4,5
central,-0.2231435513142097,4,5
liatin,-0.2231435513142097,4,5
membaca,-0.2231435513142097,4,5
ngurus,-0.2231435513142097,4,5
nyusul,-0.2231435513142097,4,5
sedangkan,-0.2231435513142097,12,15
kuota,-0.2231435513142097,4,5
gantian,-0.2231435513142097,4,5
mempengaruhi,-0.2231435513142097,4,5
warna,-0.2231435513142097,4,5
mba,-0.2231435513142097,4,5
gtu,-0.2231435513142097,4,5
menurun,-0.2231435513142097,4,5
feeling,-0.2231435513142097,4,5
small,-0.2231435513142097,4,5
pastikan,-0.2231435513142097,4,5
cus,-0.2231435513142097,8,10
avd,-0.2231435513142097,4,5
lagging,-0.2231435513142097,8,10
chips,-0.2231435513142097,4,5
roic,-0.2231435513142097,4,5
eth,-0.2231435513142097,4,5
kalah,-0.2231435513142097,8,10
aktif,-0.2231435513142097,4,5
tolong,-0.2363887780642304,15,19
gara,-0.25131442828090605,35,45
publik,-0.25131442828090605,7,9
aza,-0.25131442828090605,7,9
akuisisi,-0.2578291093020998,51,66
rupslb,-0.262364264467491,10,13
berat,-0.262364264467491,10,13
benar,-0.2682639865946794,13,17
kek,-0.2776317365982795,25,33
ckpn,-0.2876820724517809,3,4
jelasin,-0.2876820724517809,3,4
lemah,-0.2876820724517809,3,4
infra,-0.2876820724517809,3,4
pelajari,-0.2876820724517809,3,4
ehh,-0.2876820724517809,3,4
peta,-0.2876820724517809,3,4
dear,-0.2876820724517809,3,4
tugu,-0.2876820724517809,3,4
brapa,-0.2876820724517809,3,4
fasilitas,-0.2876820724517809,3,4
gaga,-0.2876820724517809,3,4
telko,-0.2876820724517809,3,4
politik,-0.2876820724517809,6,8
dendam,-0.2876820724517809,3,4
sabun,-0.2876820724517809,3,4
any,-0.2876820724517809,3,4
nyaris,-0.2876820724517809,3,4
awasi,-0.2876820724517809,3,4
free,-0.2876820724517809,6,8
menghadapi,-0.2876820724517809,3,4
side,-0.2876820724517809,3,4
yahh,-0.2876820724517809,3,4
over,-0.2876820724517809,3,4
otoritas,-0.2876820724517809,3,4
bep,-0.2876820724517809,3,4
munggah,-0.2876820724517809,3,4
duh,-0.2876820724517809,6,8
harta,-0.2876820724517809,3,4
mengenai,-0.2876820724517809,3,4
maap,-0.2876820724517809,3,4
halo,-0.2876820724517809,12,16
downtrendnya,-0.2876820724517809,3,4
ahh,-0.2876820724517809,3,4
senen,-0.2876820724517809,3,4
iep,-0.2876820724517809,3,4
melemahnya,-0.2876820724517809,3,4
gainnya,-0.2876820724517809,3,4
sekalipun,-0.2876820724517809,3,4
kmrin,-0.2876820724517809,3,4
megang,-0.2876820724517809,9,12
yes,-0.2876820724517809,3,4
bukannya,-0.2876820724517809,6,8
deg,-0.2876820724517809,3,4
amsyong,-0.2876820724517809,3,4
skip,-0.2876820724517809,3,4
mundur,-0.2876820724517809,3,4
soto,-0.2876820724517809,3,4
setaun,-0.2876820724517809,3,4
nunjukin,-0.2876820724517809,3,4
kenyataan,-0.2876820724517809,3,4
seberapa,-0.2876820724517809,6,8
naro,-0.2876820724517809,3,4
apaa,-0.2876820724517809,3,4
melepas,-0.2876820724517809,3,4
com,-0.2876820724517809,9,12
company,-0.2876820724517809,9,12
life,-0.2876820724517809,3,4
right,-0.2876820724517809,3,4
urutan,-0.2876820724517809,3,4
moment,-0.2876820724517809,3,4
melorot,-0.2876820724517809,6,8
lambat,-0.2876820724517809,6,8
irra,-0.2876820724517809,3,4
mandek,-0.2876820724517809,3,4
puyeng,-0.2876820724517809,3,4
sebaiknya,-0.2876820724517809,3,4
pricing,-0.2876820724517809,3,4
pol,-0.2876820724517809,3,4
kakak,-0.2876820724517809,3,4
balikin,-0.2876820724517809,3,4
secepat,-0.2876820724517809,3,4
beredar,-0.2876820724517809,3,4
nyimpen,-0.2876820724517809,3,4
boy,-0.2876820724517809,3,4
ketat,-0.2876820724517809,3,4
terungkap,-0.2876820724517809,6,8
dihold,-0.2876820724517809,3,4
minoritas,-0.2876820724517809,3,4
bio,-0.2876820724517809,3,4
terdepak,-0.2876820724517809,3,4
kantor,-0.2876820724517809,6,8
lord,-0.2876820724517809,3,4
pelajaran,-0.2876820724517809,3,4
pling,-0.2876820724517809,3,4
gila,-0.3022808718729337,17,23
melemah,-0.3044891907681621,59,80
gatau,-0.3184537311185346,8,11
uda,-0.325422400434628,13,18
bandar,-0.325422400434628,13,18
terlalu,-0.3285040669720361,18,25
negatif,-0.3285040669720361,18,25
isu,-0.3364722366212129,10,14
paham,-0.3364722366212129,5,7
netral,-0.3364722366212129,5,7
nyampe,-0.3364722366212129,5,7
presiden,-0.3364722366212129,5,7
batas,-0.3364722366212129,5,7
dianggap,-0.3364722366212129,5,7
byk,-0.3364722366212129,5,7
hit,-0.3364722366212129,5,7
batu,-0.3364722366212129,10,14
kebanyakan,-0.3364722366212129,5,7
pesimis,-0.3364722366212129,5,7
terpuruk,-0.3364722366212129,5,7
ditarik,-0.3364722366212129,5,7
padahal,-0.3522205935893521,45,64
diliat,-0.35667494393873245,7,10
susah,-0.35667494393873245,14,20
lucu,-0.35667494393873245,7,10
merah,-0.3677247801253174,108,156
loser,-0.37037378829689427,29,42
mahal,-0.39086630868701167,23,34
ritel,-0.40546510810816444,30,45
sulit,-0.40546510810816444,8,12
sekolah,-0.40546510810816444,4,6
drastis,-0.40546510810816444,8,12
pelanggan,-0.40546510810816444,4,6
gemes,-0.40546510810816444,4,6
kebawah,-0.40546510810816444,4,6
terdampak,-0.40546510810816444,4,6
koh,-0.40546510810816444,4,6
sodara,-0.40546510810816444,4,6
merugi,-0.40546510810816444,4,6
bandarmologi,-0.40546510810816444,6,9
quarter,-0.40546510810816444,4,6
rdtx,-0.40546510810816444,4,6
macet,-0.40546510810816444,6,9
bola,-0.40546510810816444,4,6
pindahin,-0.40546510810816444,4,6
males,-0.40546510810816444,4,6
tadinya,-0.40546510810816444,4,6
smpe,-0.40546510810816444,4,6
skema,-0.40546510810816444,6,9
suruh,-0.40546510810816444,6,9
mulu,-0.42121346507630353,21,32
ambles,-0.4307829160924542,13,20
kenapa,-0.43332206261113054,59,91
turun,-0.4416303845762338,353,549
gegara,-0.4418327522790392,9,14
lapkeu,-0.4418327522790392,9,14
gmn,-0.45198512374305727,7,11
npl,-0.45198512374305727,7,11
keliatannya,-0.4700036292457356,5,8
kah,-0.4700036292457356,15,24
sakit,-0.4700036292457356,5,8
amblas,-0.4700036292457356,5,8
mesti,-0.4700036292457356,5,8
hutang,-0.4700036292457356,5,8
kena,-0.48097266061630956,34,55
out,-0.48550781578170077,8,13
pdhl,-0.48550781578170077,8,13
seharga,-0.5108256237659907,3,5
dipake,-0.5108256237659907,6,10
masuknya,-0.5108256237659907,3,5
distribusi,-0.5108256237659907,9,15
voter,-0.5108256237659907,3,5
artikel,-0.5108256237659907,3,5
ditanya,-0.5108256237659907,3,5
der,-0.5108256237659907,3,5
ges,-0.5108256237659907,6,10
pls,-0.5108256237659907,3,5
ciri,-0.5108256237659907,3,5
jgn,-0.5108256237659907,18,30
minim,-0.5108256237659907,3,5
kujual,-0.5108256237659907,3,5
tertingginya,-0.5108256237659907,3,5
pantengin,-0.5108256237659907,3,5
rejection,-0.5108256237659907,3,5
pelantikan,-0.5108256237659907,3,5
bounce,-0.5108256237659907,3,5
bnr,-0.5108256237659907,3,5
rombak,-0.5108256237659907,3,5
can,-0.5108256237659907,3,5
ebitda,-0.5108256237659907,6,10
khan,-0.5108256237659907,3,5
pinehill,-0.5108256237659907,54,90
mtg,-0.5108256237659907,6,10
ketolong,-0.5108256237659907,6,10
laa,-0.5108256237659907,3,5
again,-0.5108256237659907,3,5
buset,-0.5108256237659907,6,10
sii,-0.5108256237659907,3,5
gcg,-0.5108256237659907,3,5
jualin,-0.5108256237659907,3,5
komisi,-0.5108256237659907,3,5
terpopuler,-0.5108256237659907,3,5
pantesan,-0.5389965007326869,7,12
pula,-0.5389965007326869,7,12
nangis,-0.5389965007326869,7,12
gagal,-0.5465437063680699,11,19
sell,-0.5474353693785515,118,204
jualan,-0.5533852381847867,23,40
stuck,-0.5596157879354228,4,7
malu,-0.5596157879354228,4,7
jokowi,-0.5596157879354228,4,7
ampun,-0.5596157879354228,4,7
even,-0.5596157879354228,4,7
this,-0.5596157879354228,4,7
asuransi,-0.5596157879354228,4,7
fix,-0.5596157879354228,4,7
wkwkkw,-0.5596157879354228,4,7
pihak,-0.5596157879354228,4,7
terpantau,-0.587786664902119,5,9
kacau,-0.587786664902119,5,9
faktor,-0.587786664902119,5,9
hancur,-0.587786664902119,5,9
nanya,-0.587786664902119,5,9
lepas,-0.5959834321062977,27,49
menit,-0.6061358035703156,6,11
ditambah,-0.6061358035703156,6,11
exit,-0.6190392084062235,7,13
lesu,-0.6190392084062235,7,13
utang,-0.6286086594223742,16,30
ancur,-0.6359887667199967,9,17
holder,-0.6690496289808848,21,41
bnyk,-0.6931471805599453,4,8
tanya,-0.6931471805599453,4,8
trauma,-0.6931471805599453,3,6
mesin,-0.6931471805599453,6,12
pengadaan,-0.6931471805599453,3,6
timing,-0.6931471805599453,3,6
sialan,-0.6931471805599453,3,6
ujung,-0.6931471805599453,3,6
dikeluarkan,-0.6931471805599453,3,6
syarat,-0.6931471805599453,4,8
poll,-0.6931471805599453,3,6
minusnya,-0.6931471805599453,6,12
knp,-0.6931471805599453,10,20
bangke,-0.6931471805599453,4,8
terkenal,-0.6931471805599453,3,6
dimulai,-0.6931471805599453,3,6
rugi,-0.6931471805599453,32,64
weekend,-0.6931471805599453,3,6
ngeri,-0.6931471805599453,6,12
merona,-0.6931471805599453,4,8
judi,-0.6931471805599453,3,6
jebol,-0.6931471805599453,14,28
rela,-0.6931471805599453,3,6
nomer,-0.6931471805599453,3,6
dollar,-0.6931471805599453,5,10
investornya,-0.6931471805599453,3,6
grgr,-0.6931471805599453,3,6
arb,-0.714653385780909,23,47
sedih,-0.7472144018302211,9,19
floating,-0.7537718023763802,8,17
buang,-0.7537718023763802,8,17
dalem,-0.7537718023763802,8,17
outflow,-0.7731898882334817,6,13
penyebab,-0.7731898882334817,6,13
asingnya,-0.7731898882334817,6,13
mati,-0.7731898882334817,6,13
jaman,-0.7731898882334817,6,13
stagnan,-0.7731898882334817,6,13
rusia,-0.7884573603642702,5,11
aduh,-0.7884573603642702,5,11
issue,-0.7884573603642702,5,11
rontok,-0.7884573603642702,5,11
amerika,-0.8109302162163288,4,9
fear,-0.8109302162163288,4,9
lemot,-0.8109302162163288,4,9
perasaan,-0.8109302162163288,4,9
akibat,-0.8472978603872037,6,14
doritos,-0.8472978603872037,3,7
rungkad,-0.8472978603872037,3,7
sttp,-0.8472978603872037,3,7
lower,-0.8472978603872037,3,7
bersabar,-0.8472978603872037,3,7
ngerti,-0.8472978603872037,3,7
cost,-0.8472978603872037,3,7
puasa,-0.8472978603872037,3,7
astaga,-0.8472978603872037,3,7
minus,-0.8539204011476971,43,101
cheetos,-0.8754687373538999,5,12
breakdown,-0.916290731874155,2,5
brics,-0.916290731874155,2,5
pengguna,-0.916290731874155,2,5
kalua,-0.916290731874155,2,5
cokk,-0.916290731874155,2,5
gws,-0.916290731874155,2,5
kocak,-0.916290731874155,4,10
yaelah,-0.916290731874155,2,5
periksa,-0.916290731874155,2,5
downgrade,-0.916290731874155,2,5
terendahnya,-0.916290731874155,2,5
urusan,-0.916290731874155,2,5
dotop,-0.916290731874155,2,5
kebayang,-0.916290731874155,2,5
respect,-0.916290731874155,2,5
bermasalah,-0.916290731874155,2,5
ngeh,-0.916290731874155,2,5
okelah,-0.916290731874155,2,5
cabut,-0.916290731874155,4,10
penyebabnya,-0.916290731874155,4,10
mgc,-0.916290731874155,4,10
darah,-0.916290731874155,4,10
penjual,-0.916290731874155,2,5
int,-0.916290731874155,2,5
blanja,-0.916290731874155,2,5
merger,-0.916290731874155,2,5
uninstall,-0.916290731874155,2,5
laptop,-0.916290731874155,2,5
jawaban,-0.916290731874155,2,5
nitip,-0.916290731874155,2,5
terancam,-0.916290731874155,2,5
logika,-0.916290731874155,2,5
pekerja,-0.916290731874155,2,5
was,-0.916290731874155,4,10
ditinggal,-0.916290731874155,2,5
bkrky,-0.916290731874155,2,5
ikan,-0.916290731874155,2,5
ambrol,-0.916290731874155,6,15
selling,-0.916290731874155,2,5
berkurang,-0.9555114450274363,5,13
jatuh,-0.9718605830289657,14,37
influencer,-0.9808292530117262,3,8
taunya,-0.9808292530117262,3,8
jujur,-0.9808292530117262,3,8
bearish,-0.9808292530117262,12,32
plis,-0.9808292530117262,3,8
capek,-0.9808292530117262,3,8
bjir,-0.9808292530117262,3,8
bgst,-0.9808292530117262,3,8
anjlok,-1.0055218656020977,30,82
serem,-1.0116009116784799,4,11
kebakaran,-1.0116009116784799,4,11
dugaan,-1.0116009116784799,4,11
dijual,-1.0229004669324133,32,89
lays,-1.0296194171811581,5,14
masalahnya,-1.0296194171811581,5,14
inget,-1.0296194171811581,5,14
kabur,-1.041453874828161,6,17
merosot,-1.0986122886681098,7,21
aslinya,-1.0986122886681098,2,6
akusisi,-1.0986122886681098,2,6
corpora,-1.0986122886681098,2,6
berhenti,-1.0986122886681098,2,6
buruk,-1.0986122886681098,4,12
lake,-1.0986122886681098,2,6
pepsi,-1.0986122886681098,2,6
anjirr,-1.0986122886681098,2,6
rusak,-1.0986122886681098,2,6
kasian,-1.0986122886681098,2,6
semenjak,-1.0986122886681098,3,9
afiliasi,-1.0986122886681098,2,6
mules,-1.0986122886681098,2,6
ampas,-1.0986122886681098,2,6
provider,-1.0986122886681098,3,9
komunikasi,-1.0986122886681098,2,6
terbongkar,-1.0986122886681098,2,6
pdhal,-1.0986122886681098,2,6
bayangin,-1.0986122886681098,2,6
waduh,-1.0986122886681098,4,12
one,-1.0986122886681098,2,6
tunda,-1.0986122886681098,2,6
mental,-1.0986122886681098,4,12
steele,-1.0986122886681098,2,6
pecah,-1.0986122886681098,5,15
dilego,-1.0986122886681098,2,6
dalamnya,-1.0986122886681098,2,6
niatnya,-1.0986122886681098,2,6
downtren,-1.0986122886681098,2,6
disebabkan,-1.0986122886681098,2,6
menangis,-1.0986122886681098,3,9
dibanting,-1.0986122886681098,3,9
anj,-1.0986122886681098,2,6
dibawa,-1.0986122886681098,2,6
kasus,-1.157452788691043,11,35
kemana,-1.1895840668738362,7,23
tergerus,-1.2237754316221157,5,17
nasib,-1.252762968495368,4,14
ownernya,-1.252762968495368,2,7
mom,-1.252762968495368,2,7
meanwhile,-1.252762968495368,2,7
gula,-1.252762968495368,2,7
penundaan,-1.252762968495368,2,7
harap,-1.252762968495368,2,7
ukraina,-1.252762968495368,4,14
shareholder,-1.252762968495368,2,7
pasrah,-1.252762968495368,2,7
fca,-1.252762968495368,2,7
komisaris,-1.252762968495368,4,14
nyesek,-1.252762968495368,2,7
menekan,-1.252762968495368,2,7
jelek,-1.2878542883066382,8,29
ambruk,-1.2992829841302609,3,11
jeblok,-1.349926716949016,7,27
payung,-1.3862943611198906,2,8
taiwan,-1.3862943611198906,2,8
gangguan,-1.3862943611198906,2,8
gabisa,-1.3862943611198906,3,12
zat,-1.3862943611198906,2,8
berdarah,-1.3862943611198906,4,16
sial,-1.3862943611198906,2,8
edc,-1.3862943611198906,2,8
parah,-1.4170660197866443,8,33
longsor,-1.4350845252893227,5,21
mines,-1.466337068793427,3,13
dibawahnya,-1.5040773967762742,2,9
maker,-1.5040773967762742,2,9
limited,-1.5040773967762742,2,9
bubar,-1.5040773967762742,2,9
boncos,-1.5040773967762742,4,18
bangkrut,-1.540445040947149,3,14
beban,-1.547562508716013,10,47
narik,-1.6094379124341003,2,10
terdalam,-1.6094379124341003,2,10
hilang,-1.6094379124341003,2,10
gelap,-1.6094379124341003,3,15
pepsico,-1.6582280766035324,4,21
dilepas,-1.6739764335716716,3,16
anjing,-1.7047480922384253,2,11
bebas,-1.7047480922384253,6,33
terjun,-1.7404661748405046,10,57
serangan,-1.791759469228055,1,6
owner,-1.791759469228055,1,6
brutal,-1.791759469228055,1,6
sangkut,-1.791759469228055,1,6
cat,-1.791759469228055,1,6
tai,-1.791759469228055,1,6
woy,-1.791759469228055,1,6
asalnya,-1.791759469228055,1,6
dump,-1.791759469228055,1,6
kontol,-1.791759469228055,1,6
bandarnya,-1.791759469228055,2,12
wahai,-1.791759469228055,1,6
surem,-1.791759469228055,1,6
only,-1.791759469228055,2,12
gocap,-1.791759469228055,1,6
state,-1.791759469228055,1,6
patah,-1.791759469228055,1,6
monyet,-1.791759469228055,1,6
diterima,-1.791759469228055,1,6
maki,-1.791759469228055,1,6
telpon,-1.791759469228055,1,6
ndlosor,-1.791759469228055,1,6
dead,-1.791759469228055,1,6
anjeng,-1.791759469228055,1,6
kerugian,-1.8718021769015913,2,13
nyangkut,-1.9095425048844386,16,108
ftse,-1.9459101490553135,1,7
case,-1.9459101490553135,1,7
provisi,-1.9459101490553135,1,7
lelet,-1.9459101490553135,1,7
roa,-1.9459101490553135,1,7
apestor,-1.9459101490553135,1,7
witel,-1.9459101490553135,1,7
spam,-1.9459101490553135,1,7
nyungsep,-1.9459101490553135,7,49
asu,-1.9459101490553135,1,7
kempes,-1.9459101490553135,1,7
korban,-1.9459101490553135,1,7
kehilangan,-1.9459101490553135,1,7
buzzer,-2.0149030205422647,2,15
saudara,-2.0794415416798357,1,8
nyangkuters,-2.0794415416798357,1,8
tolol,-2.0794415416798357,1,8
kampret,-2.0794415416798357,1,8
kpk,-2.0794415416798357,1,8
pemberat,-2.0794415416798357,1,8
busuk,-2.0794415416798357,1,8
korupsi,-2.120263536200091,3,25
reject,-2.1400661634962708,2,17
judol,-2.1972245773362196,1,9
bsd,-2.1972245773362196,1,9
bapuk,-2.1972245773362196,1,9
